OBJECTID,TRACT,GEOID,pop_percent,total_pop,white,black,american_indian,asian,pacific_islander,other,hispanic,ALAND,AWATER,STUSAB,SUMLEV,GEOCODE,STATE,NAME,SHAPEAREA,SHAPELEN,white_percent,black_percent,hispanic_percent,asian_percent,other_percent,american_indian_percent,pacific_islander_percent
1,2002,11001002002,0.005905343378604732,4072,1116,1751,27,84,0,669,1022,849376,0,DC,140,11001002002,11,Census Tract 20.02,0,0,0.27406679764243613,0.4300098231827112,0.25098231827111983,0.0206286836935167,0.1642927308447937,0.006630648330058939,0.0
2,2101,11001002101,0.008247467532938388,5687,1037,2642,86,120,1,1185,1868,600992,0,DC,140,11001002101,11,Census Tract 21.01,0,0,0.1823457007209425,0.4645683136979075,0.32846843678565146,0.02110075611042729,0.2083699665904695,0.015122208545806225,0.00017583963425356076
3,2102,11001002102,0.007394731308326505,5099,901,2910,50,87,0,651,1074,725975,0,DC,140,11001002102,11,Census Tract 21.02,0,0,0.17670131398313393,0.57070013728182,0.21062953520298097,0.01706216905275544,0.12767209256717002,0.009805844283192783,0.0
4,2201,11001002201,0.005054057385667361,3485,973,1722,21,94,2,326,683,415173,0,DC,140,11001002201,11,Census Tract 22.01,0,0,0.27919655667144905,0.49411764705882355,0.19598278335724534,0.02697274031563845,0.09354375896700143,0.006025824964131995,0.0005738880918220947
5,2202,11001002202,0.0048423235611889,3339,619,1636,48,57,3,594,1003,698895,566,DC,140,11001002202,11,Census Tract 22.02,0,0,0.18538484576220426,0.48996705600479185,0.3003893381251872,0.017070979335130278,0.1778975741239892,0.014375561545372867,0.0008984725965858042
6,101,11001000101,0.002039025734361064,1406,1083,47,5,92,1,31,140,199776,5261,DC,140,11001000101,11,Census Tract 1.01,0,0,0.7702702702702703,0.033428165007112376,0.09957325746799431,0.06543385490753911,0.022048364153627313,0.0035561877667140826,0.0007112375533428165
7,102,11001000102,0.00495544163180068,3417,2783,57,3,176,2,76,316,1706484,516665,DC,140,11001000102,11,Census Tract 1.02,0,0,0.8144571261340358,0.016681299385425813,0.09247878255779923,0.05150717003219198,0.02224173251390108,0.000877963125548727,0.000585308750365818
8,201,11001000201,0.005957551718887092,4108,2535,348,9,624,6,175,456,505004,0,DC,140,11001000201,11,Census Tract 2.01,0,0,0.6170886075949367,0.08471275559883155,0.11100292112950341,0.1518987341772152,0.042599805258033106,0.0021908471275559884,0.0014605647517039922
9,202,11001000202,0.006775482383310734,4672,3573,193,11,399,0,102,357,776435,439661,DC,140,11001000202,11,Census Tract 2.02,0,0,0.7647688356164384,0.041309931506849314,0.0764126712328767,0.08540239726027397,0.02183219178082192,0.0023544520547945204,0.0
10,300,11001000300,0.008934877346656128,6161,4645,260,16,488,6,138,557,1042157,2305,DC,140,11001000300,11,Census Tract 3,0,0,0.7539360493426391,0.04220094140561597,0.09040740139587729,0.07920792079207921,0.022398961207596168,0.0025969810095763674,0.0009738678785911378
11,400,11001000400,0.002382730641219935,1643,1242,84,10,122,0,40,165,1541239,69,DC,140,11001000400,11,Census Tract 4,0,0,0.7559342665855143,0.05112598904443092,0.10042604990870359,0.07425441265976872,0.024345709068776627,0.006086427267194157,0.0
12,501,11001000501,0.005552937081698801,3829,2716,236,13,319,0,127,451,940249,29503,DC,140,11001000501,11,Census Tract 5.01,0,0,0.7093235831809872,0.06163489161661008,0.11778532253852181,0.08331156960041787,0.03316792896317576,0.0033951423348132673,0.0
13,502,11001000502,0.00495689186347519,3418,2617,118,5,221,1,79,365,581507,0,DC,140,11001000502,11,Census Tract 5.02,0,0,0.7656524283206554,0.03452311293153891,0.10678759508484494,0.06465769455822118,0.023112931538911644,0.001462843768285547,0.0002925687536571094
14,600,11001000600,0.006781283310008774,4676,3573,237,5,270,0,123,394,1441865,71,DC,140,11001000600,11,Census Tract 6,0,0,0.764114627887083,0.05068434559452523,0.08426005132591959,0.057741659538066724,0.02630453378956373,0.00106928999144568,0.0
15,702,11001000702,0.00500619974040853,3452,2195,280,17,417,1,121,445,308967,0,DC,140,11001000702,11,Census Tract 7.02,0,0,0.6358632676709154,0.08111239860950174,0.12891077636152956,0.12079953650057937,0.035052143684820396,0.004924681344148319,0.00028968713789107763
16,703,11001000703,0.004382600120369229,3022,2182,248,1,230,0,67,285,232137,0,DC,140,11001000703,11,Census Tract 7.03,0,0,0.7220383851753805,0.08206485771012574,0.0943084050297816,0.07610853739245532,0.022170747849106553,0.00033090668431502316,0.0
17,704,11001000704,0.003992487799926038,2753,1772,249,16,238,0,145,423,332346,0,DC,140,11001000704,11,Census Tract 7.04,0,0,0.6436614602252089,0.0904467853250999,0.15365056302215765,0.08645114420632037,0.05266981474754813,0.005811841627315656,0.0
18,802,11001000802,0.00482492078109478,3327,2245,226,8,386,8,65,330,1688582,669985,DC,140,11001000802,11,Census Tract 8.02,0,0,0.6747820859633303,0.06792906522392546,0.09918845807033363,0.11602043883378418,0.01953712052900511,0.0024045686804929365,0.0024045686804929365
19,803,11001000803,0.004603035334894749,3174,2251,168,1,274,1,75,391,308153,0,DC,140,11001000803,11,Census Tract 8.03,0,0,0.7091997479521109,0.052930056710775046,0.12318840579710146,0.08632640201638311,0.023629489603024575,0.000315059861373661,0.000315059861373661
20,804,11001000804,0.005557287776722332,3832,2854,201,8,322,3,66,294,2566768,167978,DC,140,11001000804,11,Census Tract 8.04,0,0,0.7447807933194155,0.052453027139874736,0.0767223382045929,0.08402922755741127,0.01722338204592902,0.0020876826722338203,0.0007828810020876827
21,902,11001000902,0.003360186789839677,2317,1860,76,7,93,0,50,173,1867106,307257,DC,140,11001000902,11,Census Tract 9.02,0,0,0.8027621924902891,0.03280103582218386,0.07466551575312905,0.04013810962451446,0.02157962883038412,0.0030211480362537764,0.0
22,903,11001000903,0.006093873496291032,4202,2589,426,2,672,0,227,583,928101,0,DC,140,11001000903,11,Census Tract 9.03,0,0,0.6161351737267967,0.10138029509757258,0.1387434554973822,0.15992384578772012,0.05402189433603046,0.00047596382674916705,0.0
23,904,11001000904,0.004565329311357489,3148,2545,131,4,127,0,30,187,2024710,75151,DC,140,11001000904,11,Census Tract 9.04,0,0,0.8084498094027954,0.041613722998729355,0.05940279542566709,0.0403430749682338,0.009529860228716646,0.0012706480304955528,0.0
24,1002,11001001002,0.005283193990239941,3643,2450,349,18,372,0,87,336,889722,0,DC,140,11001001002,11,Census Tract 10.02,0,0,0.6725226461707384,0.09580016469942355,0.09223167718912983,0.10211364260225089,0.023881416415042548,0.004940982706560527,0.0
25,1003,11001001003,0.0045116707394006195,3111,2503,85,3,130,1,31,240,982460,0,DC,140,11001001003,11,Census Tract 10.03,0,0,0.8045644487303117,0.0273224043715847,0.07714561234329798,0.04178720668595307,0.009964641594342655,0.0009643201542912247,0.0003214400514304082
26,1004,11001001004,0.006497037901804813,4480,3331,231,2,325,2,56,420,1471925,0,DC,140,11001001004,11,Census Tract 10.04,0,0,0.7435267857142858,0.0515625,0.09375,0.07254464285714286,0.0125,0.0004464285714285714,0.0004464285714285714
27,1100,11001001100,0.007686227874903016,5300,3822,391,4,401,5,111,451,1676650,0,DC,140,11001001100,11,Census Tract 11,0,0,0.7211320754716981,0.07377358490566038,0.08509433962264151,0.07566037735849057,0.020943396226415095,0.0007547169811320754,0.0009433962264150943
28,1200,11001001200,0.007789194323793226,5371,3829,413,13,386,2,140,535,1219204,0,DC,140,11001001200,11,Census Tract 12,0,0,0.7129026252094582,0.07689443306646807,0.09960901135728914,0.07186743623161422,0.026065909514056972,0.0024204058834481476,0.0003723701359150996
29,1301,11001001301,0.006032963765961612,4160,2570,611,11,429,0,119,375,2855501,26550,DC,140,11001001301,11,Census Tract 13.01,0,0,0.6177884615384616,0.146875,0.09014423076923077,0.103125,0.02860576923076923,0.0026442307692307694,0.0
30,1303,11001001303,0.005457221791181141,3763,2518,397,9,373,3,88,338,889581,5274,DC,140,11001001303,11,Census Tract 13.03,0,0,0.6691469572149881,0.10550093010895562,0.08982195057135264,0.0991230401275578,0.023385596598458677,0.0023917087430241827,0.0007972362476747276
31,1304,11001001304,0.005827030868181192,4018,2979,222,15,304,2,83,395,707155,9432,DC,140,11001001304,11,Census Tract 13.04,0,0,0.7414136386261821,0.055251368840219015,0.09830761572921852,0.07565953210552513,0.020657043305126927,0.0037332005973120955,0.0004977600796416127
32,1401,11001001401,0.00472485479555359,3258,2389,214,7,232,0,75,258,788095,0,DC,140,11001001401,11,Census Tract 14.01,0,0,0.7332719459791283,0.06568446899938613,0.07918968692449356,0.07120933087783916,0.02302025782688766,0.002148557397176182,0.0
33,1402,11001001402,0.00509611410422815,3514,2403,446,6,224,0,70,293,895209,0,DC,140,11001001402,11,Census Tract 14.02,0,0,0.6838360842344906,0.12692088787706318,0.08338076266363119,0.06374501992031872,0.0199203187250996,0.001707455890722823,0.0
34,1500,11001001500,0.008927626188283579,6156,4698,559,23,193,0,69,456,4684714,39895,DC,140,11001001500,11,Census Tract 15,0,0,0.7631578947368421,0.09080571799870045,0.07407407407407407,0.03135152696556205,0.011208576998050682,0.0037361923326835605,0.0
35,1600,11001001600,0.006483985816734223,4471,1331,2487,14,72,0,116,334,2667590,7820,DC,140,11001001600,11,Census Tract 16,0,0,0.29769626481771416,0.5562513978975621,0.07470364571684188,0.01610377991500783,0.025944978751957056,0.0031312905390293,0.0
36,1702,11001001702,0.00486697749965557,3356,1219,1475,11,104,3,201,380,939295,0,DC,140,11001001702,11,Census Tract 17.02,0,0,0.3632300357568534,0.4395113230035757,0.11323003575685339,0.03098927294398093,0.0598927294398093,0.0032777115613825984,0.0008939213349225268
37,1803,11001001803,0.005948850328840032,4102,360,2243,43,54,4,1118,1457,1136289,31909,DC,140,11001001803,11,Census Tract 18.03,0,0,0.08776206728425158,0.5468064358849342,0.3551925889809849,0.013164310092637738,0.27254997562164796,0.010482691370063383,0.0009751340809361287
38,1804,11001001804,0.007976274209805016,5500,534,2997,29,55,0,1435,1929,601755,0,DC,140,11001001804,11,Census Tract 18.04,0,0,0.09709090909090909,0.5449090909090909,0.3507272727272727,0.01,0.2609090909090909,0.005272727272727273,0.0
39,1901,11001001901,0.006099674422989073,4206,855,2185,45,124,2,555,875,769304,0,DC,140,11001001901,11,Census Tract 19.01,0,0,0.20328102710413695,0.5194959581550166,0.20803613884926295,0.029481692819781264,0.13195435092724678,0.010699001426533523,0.00047551117451260106
40,1902,11001001902,0.0030701404549376764,2117,466,1266,11,48,2,118,261,877346,0,DC,140,11001001902,11,Census Tract 19.02,0,0,0.22012281530467642,0.5980160604629192,0.1232876712328767,0.02267359470949457,0.055739253660840815,0.0051960321209258385,0.000944733112895607
41,2001,11001002001,0.004243377879616268,2926,669,1042,42,71,0,755,1106,632724,1132,DC,140,11001002001,11,Census Tract 20.01,0,0,0.22863978127136023,0.35611756664388244,0.37799043062200954,0.024265208475734792,0.25803144224196856,0.014354066985645933,0.0
42,2301,11001002301,0.00473645664894967,3266,1012,1455,20,125,1,307,551,407679,0,DC,140,11001002301,11,Census Tract 23.01,0,0,0.30985915492957744,0.4454990814451929,0.16870789957134108,0.03827311696264544,0.0939987752602572,0.00612369871402327,0.0003061849357011635
43,2302,11001002302,0.002555308210486625,1762,651,896,11,59,1,55,114,2010924,5298,DC,140,11001002302,11,Census Tract 23.02,0,0,0.369466515323496,0.5085130533484676,0.06469920544835414,0.03348467650397276,0.031214528944381384,0.006242905788876277,0.0005675368898978433
44,2400,11001002400,0.005938698707118462,4095,1553,1501,30,148,1,405,751,556408,0,DC,140,11001002400,11,Census Tract 24,0,0,0.37924297924297923,0.3665445665445665,0.18339438339438338,0.036141636141636145,0.0989010989010989,0.007326007326007326,0.0002442002442002442
45,2501,11001002501,0.003898222741082888,2688,828,1100,8,61,0,365,613,543460,0,DC,140,11001002501,11,Census Tract 25.01,0,0,0.3080357142857143,0.40922619047619047,0.22805059523809523,0.02269345238095238,0.13578869047619047,0.002976190476190476,0.0
46,2503,11001002503,0.004395652205439819,3031,1131,962,8,159,0,447,712,292105,0,DC,140,11001002503,11,Census Tract 25.03,0,0,0.37314417683932694,0.31738700098977235,0.2349059716265259,0.05245793467502474,0.14747608050148467,0.0026393929396238865,0.0
47,2504,11001002504,0.004856825877934,3349,1107,818,52,120,4,848,1316,311721,0,DC,140,11001002504,11,Census Tract 25.04,0,0,0.33054643177067783,0.244252015527023,0.3929531203344282,0.035831591519856675,0.2532099134069872,0.015527022991937893,0.0011943863839952225
48,2600,11001002600,0.003759000500329928,2592,1067,835,12,159,1,207,409,2106150,60195,DC,140,11001002600,11,Census Tract 26,0,0,0.41165123456790126,0.3221450617283951,0.15779320987654322,0.061342592592592594,0.0798611111111111,0.004629629629629629,0.00038580246913580245
49,2702,11001002702,0.008447599504020768,5825,3305,626,36,246,4,810,1621,479022,7175,DC,140,11001002702,11,Census Tract 27.02,0,0,0.567381974248927,0.10746781115879828,0.2782832618025751,0.04223175965665236,0.13905579399141632,0.006180257510729614,0.0006866952789699571
50,2703,11001002703,0.0037909055971691477,2614,1385,295,44,174,2,263,672,163863,0,DC,140,11001002703,11,Census Tract 27.03,0,0,0.5298393267023719,0.11285386381025249,0.2570772762050497,0.0665646518745218,0.10061208875286917,0.016832440703902066,0.0007651109410864575
51,2704,11001002704,0.004340543401808439,2993,1286,452,76,197,8,619,1008,295339,2427,DC,140,11001002704,11,Census Tract 27.04,0,0,0.4296692281991313,0.15101904443701972,0.3367858336117608,0.06582024724356833,0.20681590377547612,0.02539258269295022,0.0026729034413631807
52,2801,11001002801,0.006378118904494993,4398,1344,1469,70,230,7,865,1393,171910,0,DC,140,11001002801,11,Census Tract 28.01,0,0,0.30559345156889495,0.3340154615734425,0.3167348794906776,0.05229649840836744,0.19668030923146884,0.015916325602546612,0.0015916325602546612
53,2802,11001002802,0.006794335395079364,4685,1477,1048,36,307,5,1231,1836,229696,0,DC,140,11001002802,11,Census Tract 28.02,0,0,0.3152614727854856,0.22369263607257203,0.39188900747065103,0.06552828175026681,0.26275346851654213,0.00768409818569904,0.0010672358591248667
54,2900,11001002900,0.006443379329847943,4443,1956,892,59,212,2,812,1320,300632,0,DC,140,11001002900,11,Census Tract 29,0,0,0.4402430790006752,0.2007652487058294,0.2970965563808238,0.047715507539950484,0.18275939680396128,0.01327931577762773,0.00045014629754670267
55,3000,11001003000,0.005164274992930121,3561,1433,1339,16,215,5,264,524,210636,0,DC,140,11001003000,11,Census Tract 30,0,0,0.40241505195169897,0.3760179724796405,0.14714967705700646,0.060376298792474026,0.07413647851727043,0.004493119910137602,0.0014040999719180005
56,3100,11001003100,0.005616747275377242,3873,1637,949,45,208,0,611,1037,296819,0,DC,140,11001003100,11,Census Tract 31,0,0,0.42266976504002063,0.2450296927446424,0.26775109734056285,0.053705138135812035,0.15775884327394785,0.011618900077459334,0.0
57,3200,11001003200,0.007394731308326505,5099,1708,1877,52,217,4,748,1197,447929,0,DC,140,11001003200,11,Census Tract 32,0,0,0.3349676407138655,0.36811139439105706,0.23475191213963523,0.04255736418905668,0.14669543047656403,0.010198078054520495,0.0007844675426554226
58,3301,11001003301,0.005545685923326251,3824,1943,1234,14,174,3,113,276,442120,0,DC,140,11001003301,11,Census Tract 33.01,0,0,0.5081066945606695,0.3226987447698745,0.07217573221757322,0.045502092050209206,0.02955020920502092,0.0036610878661087866,0.0007845188284518828
59,3302,11001003302,0.003529863895757347,2434,1277,738,8,99,3,94,200,204237,0,DC,140,11001003302,11,Census Tract 33.02,0,0,0.5246507806080526,0.3032046014790468,0.08216926869350863,0.04067378800328677,0.038619556285949055,0.003286770747740345,0.0012325390304026294
60,3400,11001003400,0.007425186173491216,5120,2078,1923,23,462,16,185,482,911458,159593,DC,140,11001003400,11,Census Tract 34,0,0,0.405859375,0.3755859375,0.094140625,0.090234375,0.0361328125,0.0044921875,0.003125
61,3500,11001003500,0.006962562269322525,4801,2091,1593,54,387,8,256,604,382021,0,DC,140,11001003500,11,Census Tract 35,0,0,0.43553426369506354,0.3318058737762966,0.12580712351593418,0.08060820662362007,0.053322224536554885,0.011247656738179545,0.0016663195167673402
62,3600,11001003600,0.006924856245785265,4775,2186,1373,18,274,5,387,795,305616,0,DC,140,11001003600,11,Census Tract 36,0,0,0.45780104712041886,0.2875392670157068,0.16649214659685863,0.05738219895287958,0.08104712041884816,0.003769633507853403,0.0010471204188481676
63,3701,11001003701,0.004228875562871169,2916,1400,546,46,143,0,354,737,172840,0,DC,140,11001003701,11,Census Tract 37.01,0,0,0.48010973936899864,0.18724279835390947,0.25274348422496573,0.049039780521262004,0.12139917695473251,0.01577503429355281,0.0
64,3702,11001003702,0.004214373246126069,2906,1006,1111,21,137,4,360,642,119532,0,DC,140,11001003702,11,Census Tract 37.02,0,0,0.346180316586373,0.38231245698554717,0.22092222986923607,0.047143840330350996,0.12388162422573985,0.0072264280798348245,0.0013764624913971094
65,3801,11001003801,0.0026104170141180052,1800,1191,217,1,117,0,66,252,148928,0,DC,140,11001003801,11,Census Tract 38.01,0,0,0.6616666666666666,0.12055555555555555,0.14,0.065,0.03666666666666667,0.0005555555555555556,0.0
66,3802,11001003802,0.005671856079008622,3911,2103,658,40,296,0,385,816,207186,0,DC,140,11001003802,11,Census Tract 38.02,0,0,0.5377141396062388,0.16824341600613654,0.20864229097417542,0.07568396829455382,0.0984402965993352,0.010227563283047815,0.0
67,3901,11001003901,0.003767701890376988,2598,1646,340,6,186,2,136,373,120715,0,DC,140,11001003901,11,Census Tract 39.01,0,0,0.6335642802155504,0.1308698999230177,0.14357197844495767,0.07159353348729793,0.05234795996920708,0.0023094688221709007,0.0007698229407236335
68,3902,11001003902,0.002932368445859226,2022,1445,161,10,117,1,72,226,266513,11205,DC,140,11001003902,11,Census Tract 39.02,0,0,0.7146389713155292,0.07962413452027696,0.11177052423343224,0.057863501483679525,0.03560830860534125,0.004945598417408506,0.0004945598417408506
69,4001,11001004001,0.005715363029243922,3941,3049,137,12,206,5,109,425,271037,2414,DC,140,11001004001,11,Census Tract 40.01,0,0,0.773661507231667,0.03476275057092108,0.10784064958132454,0.052270997208830244,0.02765795483379853,0.0030449124587668104,0.001268713524486171
70,4002,11001004002,0.00477271244081242,3291,2455,190,7,199,2,113,319,194755,0,DC,140,11001004002,11,Census Tract 40.02,0,0,0.74597386812519,0.057733211789729566,0.09693102400486174,0.06046794287450623,0.03433606806441811,0.002127013065937405,0.0006077180188392585
71,4100,11001004100,0.004112857028910368,2836,2105,120,3,282,2,74,249,788701,7303,DC,140,11001004100,11,Census Tract 41,0,0,0.7422425952045134,0.04231311706629055,0.0877997179125529,0.09943582510578279,0.02609308885754584,0.0010578279266572638,0.0007052186177715092
72,4201,11001004201,0.0051454219811614904,3548,2677,195,5,262,0,63,334,204529,0,DC,140,11001004201,11,Census Tract 42.01,0,0,0.7545095828635852,0.05496054114994363,0.09413754227733935,0.07384441939120631,0.017756482525366404,0.0014092446448703494,0.0
73,4202,11001004202,0.004133160272353508,2850,2145,113,5,244,1,71,279,207646,0,DC,140,11001004202,11,Census Tract 42.02,0,0,0.7526315789473684,0.039649122807017545,0.09789473684210526,0.0856140350877193,0.024912280701754386,0.0017543859649122807,0.0003508771929824561
74,4300,11001004300,0.006433227708126373,4436,2748,834,16,270,7,203,484,236694,0,DC,140,11001004300,11,Census Tract 43,0,0,0.6194770063119928,0.18800721370604148,0.109107303877367,0.06086564472497746,0.045761947700631196,0.0036068530207394047,0.0015779981965734896
75,4401,11001004401,0.0049742946435693105,3430,2309,358,15,344,3,89,308,246895,0,DC,140,11001004401,11,Census Tract 44.01,0,0,0.6731778425655977,0.1043731778425656,0.08979591836734693,0.10029154518950437,0.025947521865889212,0.004373177842565598,0.0008746355685131195
76,4402,11001004402,0.003995388263275058,2755,1719,488,2,174,0,75,262,274746,0,DC,140,11001004402,11,Census Tract 44.02,0,0,0.623956442831216,0.17713248638838475,0.09509981851179673,0.06315789473684211,0.02722323049001815,0.0007259528130671506,0.0
77,4600,11001004600,0.00513817082278894,3543,1462,1530,7,177,3,104,271,437422,0,DC,140,11001004600,11,Census Tract 46,0,0,0.41264465142534573,0.43183742591024554,0.07648885125599775,0.04995766299745978,0.02935365509455264,0.0019757267852102737,0.000846740050804403
78,4702,11001004702,0.005705211407522352,3934,2269,777,8,423,8,78,343,326418,0,DC,140,11001004702,11,Census Tract 47.02,0,0,0.5767666497203864,0.19750889679715303,0.08718861209964412,0.10752414844941535,0.019827147941026944,0.0020335536349771225,0.0020335536349771225
79,4703,11001004703,0.00483072170779282,3331,1641,803,6,482,3,90,358,124124,0,DC,140,11001004703,11,Census Tract 47.03,0,0,0.4926448513959772,0.2410687481236866,0.107475232662864,0.14470129090363254,0.027018913239267486,0.0018012608826178324,0.0009006304413089162
80,4704,11001004704,0.0028207006069219556,1945,91,1710,7,51,0,12,60,198509,0,DC,140,11001004704,11,Census Tract 47.04,0,0,0.0467866323907455,0.8791773778920309,0.030848329048843187,0.02622107969151671,0.006169665809768638,0.0035989717223650387,0.0
81,4801,11001004801,0.004089653322118208,2820,1555,759,7,169,2,84,226,317222,0,DC,140,11001004801,11,Census Tract 48.01,0,0,0.5514184397163121,0.2691489361702128,0.08014184397163121,0.0599290780141844,0.029787234042553193,0.0024822695035460994,0.0007092198581560284
82,4802,11001004802,0.005270141905169351,3634,1265,1550,17,407,0,171,342,288793,0,DC,140,11001004802,11,Census Tract 48.02,0,0,0.34810126582278483,0.42652724270776005,0.09411117226197029,0.1119977985690699,0.04705558613098514,0.004678040726472207,0.0
83,4901,11001004901,0.00490178305984381,3380,1708,1009,18,156,3,220,435,271866,0,DC,140,11001004901,11,Census Tract 49.01,0,0,0.5053254437869823,0.2985207100591716,0.128698224852071,0.046153846153846156,0.0650887573964497,0.0053254437869822485,0.0008875739644970414
84,4902,11001004902,0.0050018490453850005,3449,1749,782,15,270,1,303,587,263879,0,DC,140,11001004902,11,Census Tract 49.02,0,0,0.5071035082632647,0.22673238619889824,0.17019425920556683,0.07828356045230501,0.0878515511742534,0.004349086691794723,0.00028993911278631486
85,5001,11001005001,0.002917866129114126,2012,1432,203,8,102,4,68,196,200969,0,DC,140,11001005001,11,Census Tract 50.01,0,0,0.7117296222664016,0.10089463220675944,0.09741550695825049,0.05069582504970179,0.033797216699801194,0.003976143141153081,0.0019880715705765406
86,5003,11001005003,0.0031078464784749364,2143,1307,376,10,193,0,78,211,94136,0,DC,140,11001005003,11,Census Tract 50.03,0,0,0.6098926738217452,0.17545496966868876,0.09846010265982268,0.09006066262249184,0.036397573495100324,0.004666355576294913,0.0
87,5004,11001005004,0.005599344495283122,3861,1697,789,79,280,2,610,1037,143156,0,DC,140,11001005004,11,Census Tract 50.04,0,0,0.43952343952343953,0.20435120435120435,0.2685832685832686,0.07252007252007252,0.157990157990158,0.02046102046102046,0.000518000518000518
88,5202,11001005202,0.00494238954673009,3408,2347,349,16,275,6,124,338,246292,0,DC,140,11001005202,11,Census Tract 52.02,0,0,0.6886737089201878,0.10240610328638497,0.09917840375586855,0.0806924882629108,0.036384976525821594,0.004694835680751174,0.0017605633802816902
89,5203,11001005203,0.004320240158365299,2979,1914,275,12,348,1,137,393,93419,0,DC,140,11001005203,11,Census Tract 52.03,0,0,0.6424974823766365,0.09231285666330984,0.13192346424974824,0.11681772406847936,0.045988586774085266,0.004028197381671702,0.0003356831151393085
90,5302,11001005302,0.0036516833564161875,2518,1904,122,8,176,0,78,236,117635,0,DC,140,11001005302,11,Census Tract 53.02,0,0,0.756155679110405,0.048451151707704525,0.0937251787132645,0.0698967434471803,0.030976965845909452,0.003177124702144559,0.0
91,5303,11001005303,0.0046624948335496595,3215,2127,310,6,380,3,89,332,168769,0,DC,140,11001005303,11,Census Tract 53.03,0,0,0.6615863141524105,0.09642301710730948,0.10326594090202178,0.1181959564541213,0.027682737169517885,0.0018662519440124418,0.0009331259720062209
92,5501,11001005501,0.003339883546396537,2303,1596,122,4,306,1,42,230,164749,0,DC,140,11001005501,11,Census Tract 55.01,0,0,0.6930091185410334,0.052974381241858444,0.09986973512809379,0.1328701693443335,0.0182370820668693,0.0017368649587494573,0.0004342162396873643
93,5502,11001005502,0.004304287609945689,2968,2055,298,3,257,0,86,293,251302,0,DC,140,11001005502,11,Census Tract 55.02,0,0,0.6923854447439353,0.10040431266846361,0.09871967654986523,0.08659029649595687,0.028975741239892182,0.0010107816711590297,0.0
94,5503,11001005503,0.0036139773328789275,2492,1835,58,0,330,0,31,189,213338,4682,DC,140,11001005503,11,Census Tract 55.03,0,0,0.7363563402889246,0.023274478330658106,0.07584269662921349,0.13242375601926162,0.012439807383627608,0.0,0.0
95,5601,11001005601,0.004205671856079008,2900,1787,123,10,625,2,95,298,185309,1275,DC,140,11001005601,11,Census Tract 56.01,0,0,0.6162068965517241,0.042413793103448276,0.10275862068965518,0.21551724137931033,0.032758620689655175,0.0034482758620689655,0.000689655172413793
96,5602,11001005602,0.005945949865491012,4100,2611,303,18,724,0,111,390,273491,6261,DC,140,11001005602,11,Census Tract 56.02,0,0,0.6368292682926829,0.07390243902439024,0.0951219512195122,0.17658536585365853,0.027073170731707317,0.004390243902439025,0.0
97,5801,11001005801,0.002424787359780725,1672,951,82,1,464,0,20,116,232951,0,DC,140,11001005801,11,Census Tract 58.01,0,0,0.56877990430622,0.04904306220095694,0.06937799043062201,0.27751196172248804,0.011961722488038277,0.0005980861244019139,0.0
98,5802,11001005802,0.0031107469418239562,2145,1332,294,0,234,0,65,192,682488,0,DC,140,11001005802,11,Census Tract 58.02,0,0,0.620979020979021,0.13706293706293707,0.08951048951048951,0.10909090909090909,0.030303030303030304,0.0,0.0
99,5900,11001005900,0.003795256292192678,2617,1612,438,7,301,0,58,238,641993,0,DC,140,11001005900,11,Census Tract 59,0,0,0.6159724875811998,0.1673672143675965,0.09094382881161635,0.1150171952617501,0.02216278181123424,0.0026748184944593045,0.0
100,6400,11001006400,0.0035980247844593174,2481,609,1646,21,33,2,33,127,691410,243648,DC,140,11001006400,11,Census Tract 64,0,0,0.24546553808948005,0.6634421604191858,0.051189036678758564,0.013301088270858524,0.013301088270858524,0.008464328899637243,0.0008061265618702137
101,6500,11001006500,0.0037836544387965976,2609,2102,113,0,158,8,34,149,509297,0,DC,140,11001006500,11,Census Tract 65,0,0,0.8056726715216558,0.04331161364507474,0.05711000383288616,0.06055960137983902,0.013031812955155231,0.0,0.0030663089306247606
102,6600,11001006600,0.0031383013436396463,2164,1762,97,17,93,3,32,113,285156,0,DC,140,11001006600,11,Census Tract 66,0,0,0.8142329020332717,0.044824399260628464,0.0522181146025878,0.042975970425138635,0.014787430683918669,0.007855822550831794,0.0013863216266173752
103,6700,11001006700,0.005695059785800782,3927,3044,298,6,157,3,53,212,428358,0,DC,140,11001006700,11,Census Tract 67,0,0,0.7751464222052458,0.07588489941431117,0.05398523045581869,0.03997962821492233,0.013496307613954673,0.0015278838808250573,0.0007639419404125286
104,6801,11001006801,0.0032456184875533866,2238,1192,765,0,76,1,37,124,244750,0,DC,140,11001006801,11,Census Tract 68.01,0,0,0.5326184092940125,0.3418230563002681,0.05540661304736372,0.03395889186773905,0.01653261840929401,0.0,0.00044682752457551384
105,6802,11001006802,0.0037415977202358078,2580,1523,678,2,74,0,35,164,280108,0,DC,140,11001006802,11,Census Tract 68.02,0,0,0.5903100775193798,0.2627906976744186,0.06356589147286822,0.02868217054263566,0.013565891472868217,0.0007751937984496124,0.0
106,6804,11001006804,0.0035226127373847974,2429,323,1934,0,24,1,126,198,1542277,477741,DC,140,11001006804,11,Census Tract 68.04,0,0,0.13297653355290243,0.7962124331000412,0.08151502675998354,0.009880609304240428,0.05187319884726225,0.0,0.0004116920543433512
107,6900,11001006900,0.0040591984569534985,2799,1878,535,6,113,1,30,144,398513,0,DC,140,11001006900,11,Census Tract 69,0,0,0.6709539121114684,0.1911396927474098,0.05144694533762058,0.040371561271882815,0.010718113612004287,0.0021436227224008574,0.0003572704537334762
108,7000,11001007000,0.003911274826153478,2697,1932,333,8,106,3,88,248,439473,0,DC,140,11001007000,11,Census Tract 70,0,0,0.7163515016685206,0.12347052280311457,0.09195402298850575,0.039302929180571,0.03262884686688913,0.0029662588060808304,0.0011123470522803114
109,7100,11001007100,0.00466684552857319,3218,1369,1442,8,123,4,59,189,602223,149901,DC,140,11001007100,11,Census Tract 71,0,0,0.42541951522684895,0.4481044126786824,0.058732131758856436,0.0382224984462399,0.018334369173399628,0.002486016159105034,0.001243008079552517
110,7201,11001007201,0.004328941548412359,2985,1944,541,8,153,0,51,254,781457,312419,DC,140,11001007201,11,Census Tract 72.01,0,0,0.6512562814070352,0.1812395309882747,0.08509212730318258,0.05125628140703518,0.017085427135678392,0.002680067001675042,0.0
111,7202,11001007202,0.006240346895416543,4303,3226,449,12,227,2,65,302,183977,0,DC,140,11001007202,11,Census Tract 72.02,0,0,0.749709504996514,0.10434580525214966,0.07018359284220312,0.05275389263304671,0.015105740181268883,0.0027887520334650244,0.00046479200557750407
112,7203,11001007203,0.005435468316063491,3748,2279,887,17,198,9,82,251,384178,0,DC,140,11001007203,11,Census Tract 72.03,0,0,0.6080576307363927,0.23665955176093917,0.06696905016008538,0.0528281750266809,0.021878335112059766,0.004535752401280683,0.00240128068303095
113,7301,11001007301,0.005570339861792921,3841,2401,551,25,139,8,172,612,4684643,5139082,DC,140,11001007301,11,Census Tract 73.01,0,0,0.6250976308253059,0.14345222598281698,0.159333506899245,0.036188492580057276,0.04478000520697735,0.006508721687060661,0.002082790939859412
114,7304,11001007304,0.006395521684589113,4410,112,4099,5,26,1,33,95,1232841,8983,DC,140,11001007304,11,Census Tract 73.04,0,0,0.025396825396825397,0.9294784580498866,0.021541950113378686,0.0058956916099773245,0.007482993197278911,0.0011337868480725624,0.00022675736961451248
115,7401,11001007401,0.0018258416782080938,1259,19,1163,0,6,0,15,43,1209113,200980,DC,140,11001007401,11,Census Tract 74.01,0,0,0.015091342335186657,0.9237490071485306,0.03415409054805401,0.004765687053216839,0.011914217633042097,0.0,0.0
116,7403,11001007403,0.0037894553654946378,2613,33,2492,7,1,0,16,53,330904,0,DC,140,11001007403,11,Census Tract 74.03,0,0,0.012629161882893225,0.9536930730960582,0.020283199387677,0.0003827018752391887,0.006123230003827019,0.0026789131266743206,0.0
117,7404,11001007404,0.005274492600192881,3637,38,3359,12,13,1,84,114,826388,0,DC,140,11001007404,11,Census Tract 74.04,0,0,0.010448171569975254,0.9235633764091284,0.03134451470992576,0.0035743744844652188,0.02309595820731372,0.003299422601044817,0.00027495188342040145
118,7406,11001007406,0.005116417347671291,3528,22,3305,19,0,1,81,119,360152,0,DC,140,11001007406,11,Census Tract 74.06,0,0,0.006235827664399093,0.9367913832199547,0.03373015873015873,0.0,0.02295918367346939,0.005385487528344671,0.0002834467120181406
119,7407,11001007407,0.00506275877571442,3491,123,3151,11,23,5,43,109,608700,0,DC,140,11001007407,11,Census Tract 74.07,0,0,0.03523345746204526,0.902606702950444,0.031223145230592952,0.006588370094528788,0.012317387568032082,0.003150959610426812,0.0014322543683758235
120,7408,11001007408,0.004157814210820178,2867,25,2726,5,2,1,17,17,372349,0,DC,140,11001007408,11,Census Tract 74.08,0,0,0.008719916288803628,0.9508196721311475,0.005929543076386466,0.0006975933031042902,0.005929543076386466,0.0017439832577607255,0.0003487966515521451
121,7409,11001007409,0.005561638471745862,3835,37,3609,12,8,1,32,80,404873,5767,DC,140,11001007409,11,Census Tract 74.09,0,0,0.009647979139504563,0.9410691003911343,0.020860495436766623,0.0020860495436766623,0.008344198174706649,0.0031290743155149934,0.0002607561929595828
122,7502,11001007502,0.006797235858428384,4687,69,4415,10,15,0,40,103,648317,0,DC,140,11001007502,11,Census Tract 75.02,0,0,0.014721570300832088,0.9419671431619373,0.02197567740558993,0.0032003413697461063,0.008534243652656284,0.002133560913164071,0.0
123,7503,11001007503,0.0036661856731612873,2528,131,2209,11,17,1,21,85,515179,0,DC,140,11001007503,11,Census Tract 75.03,0,0,0.051819620253164556,0.8738132911392406,0.033623417721518986,0.006724683544303798,0.008306962025316455,0.00435126582278481,0.00039556962025316455
124,7504,11001007504,0.003959132471412308,2730,86,2453,5,16,0,44,82,764081,0,DC,140,11001007504,11,Census Tract 75.04,0,0,0.0315018315018315,0.8985347985347986,0.030036630036630037,0.005860805860805861,0.01611721611721612,0.0018315018315018315,0.0
125,7601,11001007601,0.006805937248475444,4693,266,4094,14,23,2,67,162,1115359,141529,DC,140,11001007601,11,Census Tract 76.01,0,0,0.05668016194331984,0.8723630939697422,0.03451949712337524,0.004900916258256978,0.014276582143618155,0.002983166418069465,0.0004261666311527807
126,7603,11001007603,0.006069219557824362,4185,257,3638,8,18,1,63,121,1226616,0,DC,140,11001007603,11,Census Tract 76.03,0,0,0.061409796893667865,0.869295101553166,0.028912783751493427,0.004301075268817204,0.015053763440860216,0.0019115890083632018,0.00023894862604540023
127,7604,11001007604,0.005515231058161541,3803,226,3278,14,19,1,61,126,1369580,0,DC,140,11001007604,11,Census Tract 76.04,0,0,0.059426768340783594,0.8619510912437549,0.03313173810149882,0.004996055745464107,0.016039968445963712,0.0036813042334998686,0.00026295030239284776
128,7605,11001007605,0.005312198623730141,3663,81,3360,30,28,0,31,80,453794,0,DC,140,11001007605,11,Census Tract 76.05,0,0,0.022113022113022112,0.9172809172809173,0.02184002184002184,0.007644007644007644,0.008463008463008462,0.00819000819000819,0.0
129,7703,11001007703,0.007580360962663786,5227,86,4703,28,8,5,186,263,1017741,1059,DC,140,11001007703,11,Census Tract 77.03,0,0,0.016453032332121677,0.8997512913717237,0.050315668643581404,0.0015305146355462024,0.035584465276449206,0.005356801224411708,0.0009565716472163765
130,7707,11001007707,0.005695059785800782,3927,72,3616,10,10,1,93,159,842851,0,DC,140,11001007707,11,Census Tract 77.07,0,0,0.01833460656990069,0.9208046855105678,0.04048892284186402,0.002546473134708429,0.023682200152788387,0.002546473134708429,0.00025464731347084286
131,7708,11001007708,0.0037328963301887477,2574,29,2422,21,10,1,27,52,745809,129100,DC,140,11001007708,11,Census Tract 77.08,0,0,0.011266511266511266,0.940947940947941,0.020202020202020204,0.003885003885003885,0.01048951048951049,0.008158508158508158,0.0003885003885003885
132,7709,11001007709,0.0030048800295847263,2072,91,1874,7,9,0,25,70,828872,82685,DC,140,11001007709,11,Census Tract 77.09,0,0,0.04391891891891892,0.9044401544401545,0.033783783783783786,0.004343629343629344,0.012065637065637066,0.0033783783783783786,0.0
133,7803,11001007803,0.006656563386000913,4590,152,4003,8,16,1,174,271,986677,3755,DC,140,11001007803,11,Census Tract 78.03,0,0,0.033115468409586055,0.8721132897603486,0.05904139433551198,0.003485838779956427,0.03790849673202614,0.0017429193899782135,0.00021786492374727668
134,7804,11001007804,0.005074360629110501,3499,75,3200,21,14,0,60,117,838428,5705,DC,140,11001007804,11,Census Tract 78.04,0,0,0.021434695627322094,0.9145470134324093,0.03343812517862246,0.00400114318376679,0.017147756501857674,0.006001714775650186,0.0
135,7806,11001007806,0.00501345089878108,3457,124,3064,23,9,4,116,194,671434,0,DC,140,11001007806,11,Census Tract 78.06,0,0,0.03586925079548742,0.886317616430431,0.05611802140584322,0.0026034133641886026,0.033555105582875326,0.006653167486259763,0.0011570726063060456
136,7807,11001007807,0.003065789759914146,2114,50,1909,7,15,0,67,120,522749,0,DC,140,11001007807,11,Census Tract 78.07,0,0,0.023651844843897825,0.9030274361400189,0.05676442762535478,0.007095553453169348,0.031693472090823085,0.0033112582781456954,0.0
137,7808,11001007808,0.005499278509741932,3792,70,3450,23,17,1,120,177,936852,7722,DC,140,11001007808,11,Census Tract 78.08,0,0,0.018459915611814346,0.9098101265822784,0.04667721518987342,0.004483122362869198,0.03164556962025317,0.006065400843881856,0.00026371308016877635
138,7809,11001007809,0.004575480933079059,3155,71,2760,12,15,0,116,181,535254,0,DC,140,11001007809,11,Census Tract 78.09,0,0,0.022503961965134708,0.8748019017432647,0.057369255150554674,0.004754358161648178,0.03676703645007924,0.003803486529318542,0.0
139,7901,11001007901,0.006015560985867492,4148,1096,2603,26,87,0,70,198,402041,0,DC,140,11001007901,11,Census Tract 79.01,0,0,0.26422372227579555,0.6275313404050145,0.04773384763741562,0.020973963355834138,0.016875602700096432,0.00626808100289296,0.0
140,7903,11001007903,0.0027046820729611557,1865,539,1111,11,56,1,29,90,247945,0,DC,140,11001007903,11,Census Tract 79.03,0,0,0.28900804289544235,0.5957104557640751,0.04825737265415549,0.030026809651474532,0.015549597855227882,0.005898123324396783,0.0005361930294906167
141,8001,11001008001,0.004500068886004539,3103,1882,808,9,83,0,44,207,322795,0,DC,140,11001008001,11,Census Tract 80.01,0,0,0.6065098291975508,0.2603931679020303,0.06670963583628746,0.026748308088946182,0.014179825974863036,0.0029004189494038026,0.0
142,8002,11001008002,0.00488147981640067,3366,2216,688,5,113,5,62,193,578961,0,DC,140,11001008002,11,Census Tract 80.02,0,0,0.6583481877599525,0.2043969102792632,0.057338086749851455,0.033571004159239456,0.0184194890077243,0.0014854426619132501,0.0014854426619132501
143,8100,11001008100,0.004572580469730039,3153,2443,245,1,145,1,49,200,290284,0,DC,140,11001008100,11,Census Tract 81,0,0,0.7748176339993657,0.07770377418331748,0.06343165239454487,0.04598794798604504,0.015540754836663496,0.0003171582619727244,0.0003171582619727244
144,8200,11001008200,0.003908374362804458,2695,2135,184,7,104,0,40,183,338424,0,DC,140,11001008200,11,Census Tract 82,0,0,0.7922077922077922,0.06827458256029685,0.0679035250463822,0.038589981447124305,0.014842300556586271,0.0025974025974025974,0.0
145,8301,11001008301,0.00466974599192221,3220,2313,380,9,188,2,48,219,303973,0,DC,140,11001008301,11,Census Tract 83.01,0,0,0.7183229813664597,0.11801242236024845,0.06801242236024845,0.058385093167701865,0.014906832298136646,0.0027950310559006213,0.0006211180124223603
146,8302,11001008302,0.004388401047067269,3026,2139,443,7,126,2,54,190,260891,0,DC,140,11001008302,11,Census Tract 83.02,0,0,0.7068737607402512,0.14639788499669532,0.06278916060806344,0.041639127561136816,0.01784534038334435,0.002313284864507601,0.0006609385327164573
147,8402,11001008402,0.0035487169075259775,2447,1429,711,5,68,1,48,176,274180,0,DC,140,11001008402,11,Census Tract 84.02,0,0,0.5839803841438496,0.29055986922762567,0.07192480588475685,0.027789129546383327,0.01961585615038823,0.002043318348998774,0.0004086636697997548
148,8410,11001008410,0.0026727769761219354,1843,887,637,8,126,0,31,117,219939,0,DC,140,11001008410,11,Census Tract 84.10,0,0,0.4812805208898535,0.34563212154096584,0.06348345089527943,0.0683667932718394,0.016820401519262073,0.004340748779164406,0.0
149,8701,11001008701,0.004080951932071149,2814,1032,1323,9,144,0,65,210,382686,0,DC,140,11001008701,11,Census Tract 87.01,0,0,0.36673773987206826,0.4701492537313433,0.07462686567164178,0.0511727078891258,0.023098791755508174,0.0031982942430703624,0.0
150,8702,11001008702,0.0051831280046987505,3574,1312,1565,15,202,6,153,340,486411,0,DC,140,11001008702,11,Census Tract 87.02,0,0,0.36709569110240625,0.4378847229994404,0.09513150531617236,0.056519306099608285,0.04280917739227756,0.004196978175713486,0.0016787912702853946
151,8802,11001008802,0.006323010100863613,4360,1297,2404,23,126,8,197,374,468578,0,DC,140,11001008802,11,Census Tract 88.02,0,0,0.2974770642201835,0.5513761467889908,0.08577981651376147,0.02889908256880734,0.04518348623853211,0.005275229357798165,0.001834862385321101
152,8803,11001008803,0.005853135038322372,4036,1281,1970,28,191,13,294,451,1168294,0,DC,140,11001008803,11,Census Tract 88.03,0,0,0.3173934588701685,0.48810703666997024,0.11174430128840436,0.04732408325074331,0.07284440039643211,0.006937561942517344,0.0032210109018830525
153,8804,11001008804,0.0035052099572906773,2417,426,1626,21,42,1,123,253,778052,0,DC,140,11001008804,11,Census Tract 88.04,0,0,0.17625155151013652,0.6727347952006619,0.10467521721141912,0.01737691352916839,0.050889532478278855,0.008688456764584195,0.0004137360364087712
154,8903,11001008903,0.004440609387349629,3062,440,2255,9,45,1,153,260,305651,0,DC,140,11001008903,11,Census Tract 89.03,0,0,0.14369693011103854,0.7364467668190725,0.08491182233834095,0.014696276943174396,0.04996734160679295,0.002939255388634879,0.00032658393207054214
155,8904,11001008904,0.0045493767629378795,3137,215,2549,14,37,0,179,292,449343,0,DC,140,11001008904,11,Census Tract 89.04,0,0,0.06853681861651259,0.8125597704813516,0.09308256295824036,0.011794708320051004,0.05706088619700351,0.004462862607586867,0.0
156,9000,11001009000,0.006781283310008774,4676,285,3853,14,133,2,101,277,1427114,31550,DC,140,11001009000,11,Census Tract 90,0,0,0.06094952951240376,0.8239948674080411,0.059238665526090674,0.02844311377245509,0.021599657827202738,0.0029940119760479044,0.000427715996578272
157,9102,11001009102,0.006682667556142094,4608,546,3481,15,74,0,215,375,1816287,0,DC,140,11001009102,11,Census Tract 91.02,0,0,0.11848958333333333,0.7554253472222222,0.08138020833333333,0.016059027777777776,0.04665798611111111,0.0032552083333333335,0.0
158,9201,11001009201,0.004500068886004539,3103,1405,965,16,165,8,242,454,629781,0,DC,140,11001009201,11,Census Tract 92.01,0,0,0.4527876248791492,0.31098936513051884,0.14631002255881406,0.053174347405736386,0.0779890428617467,0.00515630035449565,0.002578150177247825
159,9203,11001009203,0.004024392896765258,2775,823,1559,9,100,3,74,226,581087,0,DC,140,11001009203,11,Census Tract 92.03,0,0,0.2965765765765766,0.5618018018018018,0.08144144144144144,0.036036036036036036,0.02666666666666667,0.003243243243243243,0.001081081081081081
160,9204,11001009204,0.0041897193076593986,2889,320,1747,23,34,0,557,750,308465,0,DC,140,11001009204,11,Census Tract 92.04,0,0,0.11076497057805469,0.6047075112495673,0.25960539979231567,0.01176877812391831,0.19280027691242643,0.007961232260297681,0.0
161,9301,11001009301,0.0055877426418870415,3853,1401,1782,23,135,4,120,287,1109091,0,DC,140,11001009301,11,Census Tract 93.01,0,0,0.36361276927069813,0.462496755774721,0.07448741240591747,0.03503763301323644,0.03114456267843239,0.005969374513366208,0.0010381520892810796
162,9302,11001009302,0.002537905430392505,1750,601,744,6,66,2,137,267,391905,0,DC,140,11001009302,11,Census Tract 93.02,0,0,0.3434285714285714,0.42514285714285716,0.15257142857142858,0.037714285714285714,0.07828571428571429,0.0034285714285714284,0.001142857142857143
163,9400,11001009400,0.006415824928032253,4424,959,2859,21,71,0,164,358,1582882,0,DC,140,11001009400,11,Census Tract 94,0,0,0.21677215189873417,0.64624773960217,0.08092224231464738,0.01604882459312839,0.037070524412296565,0.004746835443037975,0.0
164,9503,11001009503,0.004504419581028069,3106,782,1888,7,76,3,97,198,1423609,0,DC,140,11001009503,11,Census Tract 95.03,0,0,0.2517707662588538,0.6078557630392788,0.06374758531873792,0.02446877012234385,0.031229877656149388,0.0022537025112685126,0.0009658725048293626
165,9504,11001009504,0.0046523432118280895,3208,909,1751,12,104,1,164,307,1033168,0,DC,140,11001009504,11,Census Tract 95.04,0,0,0.283354114713217,0.5458229426433915,0.09569825436408977,0.032418952618453865,0.05112219451371571,0.003740648379052369,0.0003117206982543641
166,9505,11001009505,0.005505079436439971,3796,426,2652,12,101,5,318,521,1033208,0,DC,140,11001009505,11,Census Tract 95.05,0,0,0.11222339304531086,0.6986301369863014,0.13724973656480505,0.02660695468914647,0.08377239199157008,0.003161222339304531,0.0013171759747102212
167,9507,11001009507,0.0022116033036277544,1525,133,1074,8,24,0,180,271,295290,0,DC,140,11001009507,11,Census Tract 95.07,0,0,0.08721311475409836,0.7042622950819672,0.17770491803278687,0.015737704918032787,0.1180327868852459,0.005245901639344262,0.0
168,9508,11001009508,0.0061533329949459425,4243,582,2708,30,145,1,425,714,962212,0,DC,140,11001009508,11,Census Tract 95.08,0,0,0.13716709875088381,0.6382276691020504,0.16827716238510487,0.03417393353759133,0.10016497761018148,0.007070469007777516,0.00023568230025925054
169,9509,11001009509,0.00463203996838495,3194,454,2271,20,71,0,127,330,648848,0,DC,140,11001009509,11,Census Tract 95.09,0,0,0.14214151534126487,0.711020663744521,0.10331872260488416,0.022229179711959923,0.03976205385097057,0.006261740763932373,0.0
170,9510,11001009510,0.006562298327157764,4525,338,2442,87,57,3,1176,1693,841510,0,DC,140,11001009510,11,Census Tract 95.10,0,0,0.07469613259668509,0.5396685082872928,0.3741436464088398,0.012596685082872929,0.25988950276243095,0.019226519337016575,0.0006629834254143647
171,9511,11001009511,0.0029961786395376663,2066,670,607,13,98,18,578,647,719468,0,DC,140,11001009511,11,Census Tract 95.11,0,0,0.324298160696999,0.29380445304937075,0.3131655372700871,0.04743465634075508,0.2797676669893514,0.0062923523717328175,0.008712487899322363
172,9601,11001009601,0.0030251832730278662,2086,65,1880,5,1,0,53,72,1905262,189666,DC,140,11001009601,11,Census Tract 96.01,0,0,0.0311601150527325,0.9012464046021093,0.03451581975071908,0.00047938638542665386,0.025407478427612654,0.0023969319271332696,0.0
173,9602,11001009602,0.006498488133479323,4481,70,4137,8,34,3,56,145,1306709,67073,DC,140,11001009602,11,Census Tract 96.02,0,0,0.015621513055121624,0.923231421557688,0.032358848471323365,0.007587592055344789,0.0124972104440973,0.0017853157777281857,0.0006694934166480696
174,9603,11001009603,0.0057588699794792215,3971,106,3439,38,17,0,213,323,607400,0,DC,140,11001009603,11,Census Tract 96.03,0,0,0.02669352807856963,0.8660287081339713,0.08133971291866028,0.004281037522034752,0.05363888189372954,0.009569377990430622,0.0
175,9604,11001009604,0.002894662422321966,1996,139,1653,8,4,6,97,143,503381,65762,DC,140,11001009604,11,Census Tract 96.04,0,0,0.06963927855711423,0.8281563126252505,0.0716432865731463,0.002004008016032064,0.048597194388777555,0.004008016032064128,0.003006012024048096
176,9700,11001009700,0.004623338578337889,3188,23,3018,9,4,0,27,68,403051,3427,DC,140,11001009700,11,Census Tract 97,0,0,0.007214554579673777,0.9466750313676286,0.02132998745294856,0.0012547051442910915,0.008469259723964869,0.0028230865746549563,0.0
177,9801,11001009801,0.0026800281344944855,1848,17,1741,14,6,0,18,30,431384,7884,DC,140,11001009801,11,Census Tract 98.01,0,0,0.0091991341991342,0.9420995670995671,0.016233766233766232,0.003246753246753247,0.00974025974025974,0.007575757575757576,0.0
178,9802,11001009802,0.002993278176188646,2064,13,1961,6,3,0,22,51,200745,0,DC,140,11001009802,11,Census Tract 98.02,0,0,0.006298449612403101,0.9500968992248062,0.024709302325581394,0.0014534883720930232,0.01065891472868217,0.0029069767441860465,0.0
179,9803,11001009803,0.004304287609945689,2968,43,2689,45,21,0,47,84,531060,3756,DC,140,11001009803,11,Census Tract 98.03,0,0,0.014487870619946091,0.9059973045822103,0.02830188679245283,0.007075471698113208,0.015835579514824796,0.015161725067385445,0.0
180,9804,11001009804,0.0036502331247416776,2517,44,2258,6,18,0,93,136,518363,5609,DC,140,11001009804,11,Census Tract 98.04,0,0,0.01748112832737386,0.8970997218911403,0.05403257846642829,0.007151370679380214,0.03694874851013111,0.0023837902264600714,0.0
181,9807,11001009807,0.005109166189298741,3523,54,3245,6,7,0,48,103,1037012,0,DC,140,11001009807,11,Census Tract 98.07,0,0,0.01532784558614817,0.9210899801305705,0.02923644621061595,0.0019869429463525404,0.013624751632131706,0.0017030939540164632,0.0
182,9810,11001009810,0.0035690201509691174,2461,25,2304,4,5,0,27,50,398419,14058,DC,140,11001009810,11,Census Tract 98.10,0,0,0.010158472165786265,0.9362047947988622,0.02031694433157253,0.0020316944331572532,0.010971149939049168,0.0016253555465258025,0.0
183,9811,11001009811,0.006436128171475393,4438,25,4225,5,4,4,30,70,467511,0,DC,140,11001009811,11,Census Tract 98.11,0,0,0.0056331680937359175,0.95200540784137,0.015772870662460567,0.0009013068949977468,0.0067598017124831005,0.0011266336187471834,0.0009013068949977468
184,9901,11001009901,0.003428347678541647,2364,166,1986,9,23,1,35,80,2102150,0,DC,140,11001009901,11,Census Tract 99.01,0,0,0.07021996615905245,0.8401015228426396,0.0338409475465313,0.00972927241962775,0.014805414551607445,0.0038071065989847717,0.00042301184433164127
185,9902,11001009902,0.004022942665090748,2774,62,2562,15,7,3,21,69,1294556,0,DC,140,11001009902,11,Census Tract 99.02,0,0,0.022350396539293438,0.923576063446287,0.02487382840663302,0.0025234318673395817,0.007570295602018745,0.005407354001441961,0.0010814708002883922
186,9903,11001009903,0.002906264275718046,2004,58,1843,0,3,2,23,58,383679,0,DC,140,11001009903,11,Census Tract 99.03,0,0,0.028942115768463075,0.9196606786427146,0.028942115768463075,0.0014970059880239522,0.011477045908183632,0.0,0.000998003992015968
187,9904,11001009904,0.004185368612635868,2886,67,2504,3,6,0,190,257,426198,0,DC,140,11001009904,11,Census Tract 99.04,0,0,0.023215523215523216,0.8676368676368676,0.08905058905058905,0.002079002079002079,0.06583506583506583,0.0010395010395010396,0.0
188,9905,11001009905,0.004046146371882909,2790,53,2557,15,2,1,59,108,431558,0,DC,140,11001009905,11,Census Tract 99.05,0,0,0.01899641577060932,0.9164874551971326,0.03870967741935484,0.0007168458781362007,0.02114695340501792,0.005376344086021506,0.00035842293906810036
189,9906,11001009906,0.0025712607589062353,1773,62,1547,10,8,0,59,114,252684,0,DC,140,11001009906,11,Census Tract 99.06,0,0,0.03496897913141568,0.8725324309080654,0.06429780033840947,0.0045121263395375075,0.03327693175408911,0.0056401579244218835,0.0
190,9907,11001009907,0.003276073352718097,2259,35,2127,7,3,1,29,46,466954,0,DC,140,11001009907,11,Census Tract 99.07,0,0,0.015493581230633024,0.9415670650730412,0.02036299247454626,0.0013280212483399733,0.012837538733953076,0.003098716246126605,0.0004426737494466578
191,10100,11001010100,0.003914175289502498,2699,1525,388,4,408,4,104,324,579230,0,DC,140,11001010100,11,Census Tract 101,0,0,0.5650240829937013,0.14375694701741384,0.12004446091144869,0.15116709892552796,0.0385327899221934,0.0014820303816228233,0.0014820303816228233
192,10201,11001010201,0.00484522402453792,3341,1793,853,11,233,0,94,342,174884,0,DC,140,11001010201,11,Census Tract 102.01,0,0,0.5366656689613888,0.2553127806046094,0.10236456150853038,0.0697395989224783,0.02813528883567794,0.0032924274169410356,0.0
193,10202,11001010202,0.003815559535635818,2631,1437,647,10,209,1,82,215,1069479,136323,DC,140,11001010202,11,Census Tract 102.02,0,0,0.5461801596351197,0.2459141011022425,0.08171797795515014,0.07943747624477385,0.031166856708475865,0.003800836183960471,0.0003800836183960471
194,10300,11001010300,0.005226634954934051,3604,720,1865,24,78,4,554,873,1084591,0,DC,140,11001010300,11,Census Tract 103,0,0,0.1997780244173141,0.517480577136515,0.24223085460599333,0.021642619311875694,0.1537180910099889,0.006659267480577136,0.0011098779134295228
195,10400,11001010400,0.006694269409538173,4616,125,4246,8,3,0,72,130,2602393,7006,DC,140,11001010400,11,Census Tract 104,0,0,0.027079722703639515,0.919844020797227,0.028162911611785094,0.0006499133448873484,0.01559792027729636,0.0017331022530329288,0.0
196,10500,11001010500,0.005383259975781131,3712,1487,1553,17,241,2,99,278,749891,0,DC,140,11001010500,11,Census Tract 105,0,0,0.4005926724137931,0.4183728448275862,0.07489224137931035,0.06492456896551724,0.026670258620689655,0.0045797413793103444,0.0005387931034482759
197,10601,11001010601,0.0030889934667063064,2130,1142,503,5,204,2,62,199,224811,0,DC,140,11001010601,11,Census Tract 106.01,0,0,0.536150234741784,0.23615023474178404,0.09342723004694836,0.09577464788732394,0.02910798122065728,0.002347417840375587,0.0009389671361502347
198,10602,11001010602,0.00956282766171896,6594,3826,1549,7,423,2,201,533,542509,0,DC,140,11001010602,11,Census Tract 106.02,0,0,0.5802244464664846,0.2349105247194419,0.08083105853806491,0.06414922656960874,0.030482256596906277,0.0010615711252653928,0.00030330603579011223
199,10603,11001010603,0.004449310777396689,3068,1848,546,4,274,3,83,320,464270,0,DC,140,11001010603,11,Census Tract 106.03,0,0,0.6023468057366362,0.17796610169491525,0.10430247718383312,0.08930899608865711,0.027053455019556714,0.001303780964797914,0.0009778357235984355
200,10700,11001010700,0.0033297319246749666,2296,1468,140,7,387,1,112,273,891588,0,DC,140,11001010700,11,Census Tract 107,0,0,0.6393728222996515,0.06097560975609756,0.11890243902439024,0.16855400696864112,0.04878048780487805,0.003048780487804878,0.00043554006968641115
201,10800,11001010800,0.00997614368895431,6879,4431,657,23,1076,17,255,714,661580,0,DC,140,11001010800,11,Census Tract 108,0,0,0.644134321849106,0.09550806803314435,0.10379415612734409,0.15641808402384066,0.03706934147405146,0.003343509230992877,0.0024712894316034307
202,10900,11001010900,0.0048336221711418395,3333,74,3055,11,12,0,53,106,2381015,2933566,DC,140,11001010900,11,Census Tract 109,0,0,0.0222022202220222,0.9165916591659166,0.0318031803180318,0.0036003600360036,0.0159015901590159,0.0033003300330033004,0.0
203,11001,11001011001,0.0035139113473377373,2423,1046,941,6,139,0,53,182,152450,0,DC,140,11001011001,11,Census Tract 110.01,0,0,0.4316962443252167,0.3883615352868345,0.0751134956665291,0.05736690053652497,0.021873710276516713,0.0024762690879075525,0.0
204,11002,11001011002,0.0026959806829140957,1859,1226,361,4,97,0,35,122,498122,367023,DC,140,11001011002,11,Census Tract 110.02,0,0,0.6594943518020441,0.19419042495965572,0.0656266810112964,0.0521785906401291,0.018827326519634213,0.002151694459386767,0.0
205,11100,11001011100,0.008560717574632547,5903,694,4446,36,85,3,240,472,5718693,366232,DC,140,11001011100,11,Census Tract 111,0,0,0.1175673386413688,0.7531763510079621,0.07995934270709809,0.014399457902761308,0.040657292901914284,0.006098593935287142,0.0005082161612739285
206,980000,11001980000,0.00025524077471376054,176,48,114,0,2,1,0,5,6514228,4996439,DC,140,11001980000,11,Census Tract 9800,0,0,0.2727272727272727,0.6477272727272727,0.028409090909090908,0.011363636363636364,0.0,0.0,0.005681818181818182
