PARTPOP2,PRTOVR185,PRTUND185,PERCENTUND185,GIS_ID,GLOBALID,OBJECTID
1405,1333,72,0.05124555,LowFoodAccessPly_36,{FF96FCBB-7D7E-4898-913E-5F212838668D},1
1191,1120,71,0.05961377,LowFoodAccessPly_37,{B0964E8D-C59E-47E7-BBF1-B997B15ACD31},2
1654,1603,51,0.03083434,LowFoodAccessPly_38,{7C2582DE-0DBF-4496-9D85-C9EDF2EA8DFA},3
1312,857,455,0.34679878,LowFoodAccessPly_39,{D5861A4D-9AAA-443F-A5EC-A099A62987C3},4
606,544,62,0.10231023,LowFoodAccessPly_40,{95062827-C1F9-4AC5-9DC3-8EE71FD0CBA4},5
669,657,12,0.01793722,LowFoodAccessPly_41,{617F45AE-55E7-4493-A52E-A5639FAE1295},6
1645,1554,91,0.05531915,LowFoodAccessPly_42,{FB228228-9EBC-4C17-B82F-E7D67202AEC0},7
1426,1132,294,0.20617111,LowFoodAccessPly_43,{4609BA76-5753-4837-983E-AAC0476DB2B8},8
812,452,360,0.44334975,LowFoodAccessPly_44,{407698A0-3DED-4AA4-8335-044AAF217A13},9
369,305,64,0.17344174,LowFoodAccessPly_45,{7902A97A-7833-4BB7-B9DB-88941004FFD0},10
771,658,113,0.1465629,LowFoodAccessPly_46,{5991F4A5-DBAC-48F2-99D9-2A18F5881E3A},11
975,975,0,0,LowFoodAccessPly_47,{AAC2C02A-1EC7-4762-A675-D60E74B23449},12
717,700,17,0.0237099,LowFoodAccessPly_48,{1B295EEE-F11A-4BC2-9311-ACE52F60BD63},13
989,667,322,0.3255814,LowFoodAccessPly_49,{12927603-6976-47A9-97D7-4A38BEF8CAC2},14
60,43,18,0.30000001,LowFoodAccessPly_50,{5E9B7E17-61DA-4EDE-A667-7D35E1FAAC5C},15
128,121,7,0.0546875,LowFoodAccessPly_51,{F7151F63-E8AB-40CB-8ADA-3AA92E3EF713},16
715,678,37,0.05174825,LowFoodAccessPly_52,{513A8B6C-8045-414F-9DB8-F8E1BE38A950},17
811,672,139,0.17139333,LowFoodAccessPly_53,{94DDAEC3-FC10-4852-9DBE-40EA54182B30},18
1083,1030,52,0.04801477,LowFoodAccessPly_54,{E922434B-8CB0-4A05-9FA4-ED934B6AE2F8},19
9,8,1,0.11111111,LowFoodAccessPly_55,{8040F0AE-FDFE-4F4B-917B-D5CDE9D76575},20
1605,919,686,0.42741433,LowFoodAccessPly_56,{B1E8001B-5104-4300-AAD3-3C09B3591B69},21
301,232,69,0.22923589,LowFoodAccessPly_57,{BB8DDC45-0B52-45F0-B7F5-EE65D821B5F4},22
320,194,125,0.390625,LowFoodAccessPly_58,{8E37C633-65ED-49BD-9903-6071A526BFF7},23
884,824,60,0.06787331,LowFoodAccessPly_59,{7D758C30-950F-4A3B-9416-4DF23419CB55},24
686,594,92,0.13411079,LowFoodAccessPly_60,{DBB09C96-2D96-4FC6-AF2A-8B07AC338658},25
136,81,55,0.40441176,LowFoodAccessPly_61,{1918A9AF-1BC7-459C-A2C3-624694C689C3},26
165,123,41,0.24848485,LowFoodAccessPly_62,{1D05E93F-0960-4ECE-9428-305310243BA4},27
1496,1236,260,0.17379679,LowFoodAccessPly_63,{1A549D95-A8FB-4E12-97FD-2D8BCA896C6C},28
251,218,33,0.13147411,LowFoodAccessPly_64,{5A10770A-E6E6-4586-ADDB-3D03EAAD7293},29
1061,931,131,0.12346843,LowFoodAccessPly_1,{D23EE1FF-A442-40A1-A049-F00582074E74},30
58,37,21,0.36206895,LowFoodAccessPly_2,{A5CE9528-8358-432D-9A74-FD89B081E5F6},31
1539,1337,203,0.13190383,LowFoodAccessPly_3,{04478B00-45F6-441E-B35A-662C2426AD1B},32
156,149,7,0.0448718,LowFoodAccessPly_4,{8DB504D3-5397-4FE0-B1CC-E290FE7E6DA0},33
711,680,31,0.04360056,LowFoodAccessPly_5,{0502E080-279E-4C94-8E6C-15B82AC4D206},34
139,99,40,0.28776979,LowFoodAccessPly_6,{68A5FD96-DCA4-40DF-A5F9-220676240086},35
1270,927,342,0.26929134,LowFoodAccessPly_7,{643B0225-2A1F-4973-8C21-1DDA9D92D093},36
727,682,45,0.06189821,LowFoodAccessPly_8,{720057C7-60CF-4525-B85D-E5E2EF04A48E},37
142,138,5,0.03521127,LowFoodAccessPly_9,{FACE8677-ACBA-4615-A096-2476557196B2},38
530,479,51,0.09622642,LowFoodAccessPly_10,{BD42AC87-0401-4CAC-8648-C73600B1FDAC},39
752,727,25,0.03324468,LowFoodAccessPly_11,{B3516B63-C682-467E-9621-CABDF7A5CF8D},40
256,199,57,0.22265625,LowFoodAccessPly_12,{06CF12B1-05BC-4D04-B8FB-379C206794F7},41
172,142,30,0.1744186,LowFoodAccessPly_13,{402507FD-2F1E-4BBC-88CD-85B14E8D6EC7},42
677,666,11,0.01624815,LowFoodAccessPly_14,{DC234940-A3E4-4E29-AFC6-85E249AE1371},43
388,358,30,0.07731958,LowFoodAccessPly_15,{D37CA795-0F45-4704-ABE2-7E0AC62908E6},44
697,517,180,0.25824964,LowFoodAccessPly_16,{8949A001-789C-497D-A863-148D0D9D78E0},45
1031,760,271,0.2628516,LowFoodAccessPly_17,{72BC8AA2-D94F-4AEA-8A84-AD86AF5F9F41},46
1121,908,213,0.19000892,LowFoodAccessPly_25,{A1D086AB-F69C-4ECC-BDB3-780326EACE25},47
516,324,192,0.37209302,LowFoodAccessPly_26,{27724D81-BDE7-4303-9F83-90B83F2B6F58},48
998,420,578,0.57915831,LowFoodAccessPly_27,{8FD210A2-A020-4265-ADCA-BE598F68E84F},49
739,657,82,0.11096076,LowFoodAccessPly_28,{E4546BB6-4F6F-415A-BBDD-D15373C4035B},50
393,374,19,0.04834606,LowFoodAccessPly_29,{35054253-5DA9-4EA2-82D8-523FD8B6F85A},51
8,4,3,0.375,LowFoodAccessPly_30,{397996A5-9505-4601-B67B-A6A52EB9FA07},52
221,122,99,0.4479638,LowFoodAccessPly_31,{3B61CDEA-4EB4-4DB2-BA30-854F2F8026A1},53
801,680,121,0.15106118,LowFoodAccessPly_32,{242675D1-25F7-4586-87D1-11335B4053A8},54
2,1,1,0.5,LowFoodAccessPly_33,{9B22D1A9-FAF7-4CE7-BEF1-A3AE67119B4A},55
1219,1053,166,0.1361772,LowFoodAccessPly_34,{2A490D21-504B-477F-A5E9-6B948F4D1D06},56
1409,1321,88,0.06245564,LowFoodAccessPly_35,{08B8B737-5EE3-4561-A327-1237E57AB7BE},57
960,898,63,0.065625,LowFoodAccessPly_18,{9E5E1180-A0F2-4BF9-840A-34CD03E01711},58
1218,1069,149,0.12233169,LowFoodAccessPly_19,{7FABFA8E-970F-45AD-8C52-183251067BEF},59
1228,1112,116,0.09446254,LowFoodAccessPly_20,{1D6996FF-32B9-4ABB-9A54-AF3CE8FFCA8A},60
950,444,506,0.53263158,LowFoodAccessPly_21,{F499CA69-A204-482E-922D-C180CB5CB152},61
758,691,67,0.0883905,LowFoodAccessPly_22,{237CDD11-8518-47A4-B215-E15D088C0C25},62
1370,1267,104,0.07591241,LowFoodAccessPly_23,{2D9B4FC1-766B-4A05-9802-48670F14E63C},63
264,188,76,0.28787878,LowFoodAccessPly_24,{8DB4284B-E77F-4B0D-82B6-F058BD6E097F},64
726,431,295,0.4063361,LowFoodAccessPly_119,{5464DAED-382B-4F40-BDDC-FC52176363C8},65
1147,1051,96,0.0836966,LowFoodAccessPly_120,{974FDCEB-DA09-4107-A64A-56D8F69A0740},66
1615,1404,211,0.13065015,LowFoodAccessPly_121,{DF84EFCB-3C7E-4890-877A-D9730F383854},67
2762,1220,1542,0.55829108,LowFoodAccessPly_122,{01C75617-5F6B-47F9-9546-0D49C99C481D},68
1486,930,556,0.37415883,LowFoodAccessPly_123,{29458C0B-08A8-41D5-8918-7292BB678A27},69
1998,1049,949,0.47497496,LowFoodAccessPly_124,{2310D832-44B1-4197-A34D-793369104139},70
892,567,325,0.36434978,LowFoodAccessPly_125,{796A4B02-2AB2-4AC2-889E-960B94015E3F},71
1509,1383,126,0.08349901,LowFoodAccessPly_126,{9E8F39E7-3914-4DE0-83AA-1E8ADBE3FA4E},72
1100,811,290,0.26363635,LowFoodAccessPly_127,{47E9FDF7-CF73-4805-B5E8-413330DF63B4},73
1003,823,180,0.17946161,LowFoodAccessPly_65,{129986F2-AE4D-45C1-882A-BEF57112FC40},74
1168,1168,0,0,LowFoodAccessPly_66,{C3EFA32D-BD58-435D-8A34-61D5E43BAD70},75
894,817,77,0.08612975,LowFoodAccessPly_67,{211AF8E8-0569-4CE9-9A59-6C3D4A926E1E},76
290,238,52,0.17931035,LowFoodAccessPly_68,{03A2E94A-756C-4A15-BD5B-BFEEC3E979E8},77
1084,612,472,0.43542436,LowFoodAccessPly_69,{7B9D197A-CDC8-4763-B376-86AA5FE40ED3},78
1688,1563,125,0.07405213,LowFoodAccessPly_70,{5CDF2D16-073D-42D4-8912-4FE71D5143E9},79
584,426,158,0.27054796,LowFoodAccessPly_83,{95DD7B79-E369-4B3A-B45A-74C23C3E9055},80
492,360,131,0.26626018,LowFoodAccessPly_84,{3FFCD183-F1DA-49F9-9C8A-969135FD75CC},81
316,148,167,0.52848101,LowFoodAccessPly_85,{D751F0B9-578B-47A5-A5B4-BB4EF765B2DC},82
1481,1156,326,0.22012153,LowFoodAccessPly_86,{42D16C2F-6412-489B-ADFB-5EDB47D9CE7B},83
1145,1108,37,0.03231441,LowFoodAccessPly_87,{1E7223B3-64CA-4D60-8E79-5305E69BF882},84
1098,1039,58,0.05282332,LowFoodAccessPly_88,{806A6F56-9D42-4C13-AF61-F008E06CF7F6},85
126,120,6,0.04761905,LowFoodAccessPly_89,{AADD3205-2749-455A-92E2-6A1F4AB44B2C},86
1476,1236,240,0.16260162,LowFoodAccessPly_90,{27F52A5C-1852-4EA2-8471-53955AC1A98F},87
898,412,486,0.54120266,LowFoodAccessPly_91,{7148CEAE-1AA3-4FF0-98B3-570AEC225F51},88
1539,1146,394,0.25601038,LowFoodAccessPly_92,{846122C3-7569-4204-A614-489B25D54C9A},89
587,509,78,0.13287905,LowFoodAccessPly_93,{26E5595F-E267-44EF-BE18-6562A7EA1C0A},90
665,541,124,0.18646617,LowFoodAccessPly_94,{CDEBC776-EA8A-42ED-BFB4-EF48D547B5B0},91
148,125,23,0.1554054,LowFoodAccessPly_95,{9682210D-DCE2-4E7B-B8D6-F6002D1B9E76},92
545,495,50,0.09174312,LowFoodAccessPly_96,{52BABD88-166F-4F83-B2ED-FEB0E36AEF66},93
998,839,159,0.15931864,LowFoodAccessPly_97,{495510FD-A15E-44E6-9D3F-9F2D67249D86},94
1402,1036,366,0.26105565,LowFoodAccessPly_98,{CEC62F1E-BEEA-435D-9793-8C62F2A36E20},95
1364,741,623,0.45674488,LowFoodAccessPly_99,{28F914F2-25FD-4108-A971-F1CFC5269AD6},96
1411,1014,397,0.28136075,LowFoodAccessPly_100,{143FD572-B70C-4EF9-B2B1-D76908B390CD},97
835,727,108,0.12934132,LowFoodAccessPly_101,{AA86D5DF-C981-4B5B-B084-4748B32B3A9D},98
102,86,16,0.15686275,LowFoodAccessPly_102,{D9468733-4576-4F10-80E5-E9507E326D9E},99
1224,319,905,0.73937911,LowFoodAccessPly_103,{B8942D96-7AB2-47AE-9548-31ECBD628E9C},100
328,321,7,0.02134146,LowFoodAccessPly_104,{DB127570-09C7-443D-B0C8-86710D8EEDA9},101
1161,1041,120,0.10335917,LowFoodAccessPly_105,{47D8720A-FFAA-4CAC-90F3-FA2CF18F48BF},102
458,421,37,0.08078603,LowFoodAccessPly_106,{8A0179CA-08FF-403B-8959-AC6E3683033F},103
957,688,269,0.28108674,LowFoodAccessPly_107,{C494D3A1-A976-4645-A5AD-45F1A7C4B123},104
965,911,54,0.05595855,LowFoodAccessPly_108,{1E41A788-7310-4175-B2E1-27E198C7AB64},105
261,248,13,0.04980843,LowFoodAccessPly_109,{35217EB4-A019-4234-96B4-D6E4726C06AA},106
200,137,63,0.315,LowFoodAccessPly_110,{5E4A79AA-0EB0-42A2-8068-FD6E42B143BE},107
1894,1696,198,0.10454065,LowFoodAccessPly_111,{11E250EF-3ECC-42D5-B739-AD2C0EC8728F},108
1492,1448,44,0.02949062,LowFoodAccessPly_112,{79DE4994-367B-47DB-BA4A-5A4E302D98EE},109
1480,975,505,0.34121621,LowFoodAccessPly_113,{D14CF2B8-DD9C-4B20-8101-AA3041E8B332},110
1406,910,496,0.35277382,LowFoodAccessPly_114,{8F4A4F09-56A6-4FD2-BA6D-D3A3A85331AB},111
114,43,70,0.61403507,LowFoodAccessPly_115,{84E755BA-C496-419A-B464-848D265DF5D4},112
2478,2068,410,0.16545601,LowFoodAccessPly_116,{9A38505A-196A-41BB-BCAD-A84DB0DAD49B},113
1078,591,486,0.45083487,LowFoodAccessPly_117,{AFD5DA0C-08DB-443A-B1D4-C9F5A0EA9BD4},114
80,61,19,0.2375,LowFoodAccessPly_118,{F6B4DCC0-138D-4A31-8978-2771EFA2741E},115
1551,1408,143,0.09219858,LowFoodAccessPly_71,{48BA8121-3A19-4D3D-82B1-4516EA20CBC7},116
330,278,52,0.15757576,LowFoodAccessPly_72,{313FEA89-5627-48E3-B3C7-0E5A00EBC00A},117
416,401,15,0.03605769,LowFoodAccessPly_73,{AC44A599-EB85-4363-AD51-E8E1D71054C2},118
629,351,277,0.44038156,LowFoodAccessPly_74,{D5FC366E-D788-43EE-914F-96442086A204},119
690,540,150,0.2173913,LowFoodAccessPly_75,{AE565932-EEA0-4996-A9CD-8DC492BFF418},120
2090,1544,545,0.26076555,LowFoodAccessPly_76,{FAD690EA-71E8-4078-8204-36E0C07E7090},121
506,420,86,0.16996047,LowFoodAccessPly_77,{66D0DA49-BFBD-480A-80DB-ACCAD31300F6},122
2037,1415,623,0.30584192,LowFoodAccessPly_78,{C7A3D098-5779-4938-8AAE-7FDF270F984C},123
1722,1487,235,0.13646922,LowFoodAccessPly_79,{7AF42D5F-BA2A-4155-80A7-78A8DE980569},124
496,496,0,0,LowFoodAccessPly_80,{389426C9-1E68-44FA-AE4F-1CE312372516},125
242,194,48,0.19834711,LowFoodAccessPly_81,{A8626C31-2E13-4612-9377-74D160F061B1},126
11,9,2,0.18181819,LowFoodAccessPly_82,{21273465-1A06-48DD-94D4-3162D876D082},127
1521,1005,516,0.3392505,LowFoodAccessPly_189,{49DD9F80-2CA0-47E8-A708-F4D786803BE6},128
672,603,69,0.10267857,LowFoodAccessPly_190,{D2E9B182-2787-4CFA-9368-971D0D26BE4B},129
1638,1034,604,0.36874238,LowFoodAccessPly_191,{D54014E5-1EF2-4986-A0A6-31166231B14C},130
1002,615,387,0.38622755,LowFoodAccessPly_192,{E4C32DC1-2687-4A2F-A101-8E7CB3C4D3C2},131
872,737,134,0.15366973,LowFoodAccessPly_193,{5056E910-6B11-4572-A719-80C4F2FCFEBE},132
15,12,3,0.2,LowFoodAccessPly_194,{076DBBDE-E352-4CB6-B352-9DB053FE08F1},133
834,760,74,0.08872902,LowFoodAccessPly_195,{0E00DFA6-ADE5-4B9D-A754-B2DB50D8BDF0},134
454,292,161,0.35462555,LowFoodAccessPly_196,{63815C01-2995-4C87-BD69-682DB7CE81A5},135
299,270,29,0.09698997,LowFoodAccessPly_197,{A3CEDAAD-2847-439E-B318-83CF1FF7986C},136
1547,1473,74,0.04783452,LowFoodAccessPly_198,{8A858CD3-030F-452B-9336-1C671205CDEB},137
370,320,50,0.13513513,LowFoodAccessPly_199,{8AD4D855-FB5F-452C-9773-AE3EECE1ADB9},138
1102,712,391,0.35480943,LowFoodAccessPly_200,{DFC6B7E4-C091-4C05-B1F7-986492F8AF4A},139
1486,1000,486,0.3270525,LowFoodAccessPly_201,{6080C171-6614-4E2D-89D4-C025FE120AEF},140
1390,955,435,0.31294963,LowFoodAccessPly_128,{6A5679C9-C8A0-4D08-8A8C-FF50230199CD},141
1614,1386,228,0.14126395,LowFoodAccessPly_129,{708FE79F-307C-4958-B69F-9EC72011C635},142
946,763,183,0.19344608,LowFoodAccessPly_130,{A1F908D8-0BE0-472E-BF74-32EA4B2DCDBF},143
489,448,41,0.08384458,LowFoodAccessPly_131,{51B95CAE-08B6-4856-A2B9-FED62B6EA316},144
1624,1259,365,0.22475369,LowFoodAccessPly_132,{E4771779-619E-498A-B8AD-842FF923B9AA},145
56,43,13,0.23214285,LowFoodAccessPly_133,{B12FB456-669A-460E-AA26-25E5233FFAB6},146
636,532,105,0.16509435,LowFoodAccessPly_142,{C80B31C4-FE11-498B-870A-B6E47686A1F9},147
493,416,77,0.15618661,LowFoodAccessPly_143,{5AF752CE-4E40-414B-9AA8-81D94FA75D29},148
914,742,172,0.18818381,LowFoodAccessPly_144,{DB9A81CD-44B1-4814-AEEF-011222B4EA6B},149
830,729,100,0.12048193,LowFoodAccessPly_145,{7C8DE7E6-52AD-4561-A1BF-90A0B63BD78F},150
1954,1242,712,0.36438075,LowFoodAccessPly_146,{B8458B52-8630-4049-ABE4-65123BF467DB},151
1281,630,651,0.50819671,LowFoodAccessPly_147,{126D6562-0029-407B-A0CD-8005C8382E2F},152
934,583,352,0.37687367,LowFoodAccessPly_148,{872F0114-ABF1-4800-BF7D-D77376C5A777},153
1417,1180,237,0.16725476,LowFoodAccessPly_149,{647C3414-8491-4377-8094-B3D452A94C4E},154
268,260,8,0.02985075,LowFoodAccessPly_150,{706757C7-B880-41D5-A157-9B5DEA7E34C9},155
1667,1496,171,0.10257948,LowFoodAccessPly_151,{6072F835-8269-49B9-A3A8-D86F32DFD072},156
1224,1028,196,0.16013072,LowFoodAccessPly_152,{2E6B6181-0341-49D2-A3CA-2869E0AC042F},157
129,74,56,0.43410853,LowFoodAccessPly_153,{BA826B00-1BDC-44F6-AAB4-8104454F23B8},158
1116,615,501,0.44892472,LowFoodAccessPly_154,{185BAC03-DD41-4D49-94D9-F63A32FB4654},159
1665,822,843,0.50630629,LowFoodAccessPly_155,{AA488E49-11F9-49A1-9EC4-020EFFB4706E},160
554,329,225,0.4061372,LowFoodAccessPly_156,{8CA478BF-DEAE-41CA-ABFB-3E48830D6FDB},161
560,140,420,0.75,LowFoodAccessPly_157,{E47961D0-0338-4DF3-9F2A-F9D4CB2E986B},162
1326,1086,239,0.18024133,LowFoodAccessPly_158,{44B9D50F-C4A2-4C79-89EE-0784B7F6F1DB},163
100,61,39,0.38999999,LowFoodAccessPly_159,{2438B052-D5CE-44BD-848E-08CE5672A8AF},164
968,906,62,0.06404959,LowFoodAccessPly_160,{F01A9904-F2E0-484E-8E4D-08D93265F625},165
220,200,20,0.09090909,LowFoodAccessPly_161,{94488532-D013-4834-AF38-AD10739085E1},166
121,102,19,0.1570248,LowFoodAccessPly_162,{0FC88CAB-5248-440B-936F-91818293A0C3},167
785,476,308,0.39235669,LowFoodAccessPly_163,{EBF4D1FC-A909-4592-80FC-6CCC743F660E},168
474,387,87,0.18354431,LowFoodAccessPly_164,{94BF9129-EED7-40E2-A40C-F532D45F6E3B},169
1104,649,455,0.41213769,LowFoodAccessPly_165,{5416FF48-30B8-45DF-B9D4-659C65CF28CE},170
1224,910,314,0.25653595,LowFoodAccessPly_166,{D2FCB552-DC94-438F-90BE-2B8F392C82B9},171
16,16,1,0.0625,LowFoodAccessPly_167,{2E39D674-868F-4C8A-9746-DF09919F3473},172
531,456,74,0.1393597,LowFoodAccessPly_168,{465D0296-4A21-4416-8D26-10AF95974E16},173
983,671,312,0.31739572,LowFoodAccessPly_169,{F5F62FB8-D284-4F58-AEDB-B1054BC54B0A},174
935,901,33,0.03529412,LowFoodAccessPly_170,{E8050F26-0D42-4A30-81A5-00FC5B192FEC},175
2199,1004,1195,0.54342884,LowFoodAccessPly_171,{47BB5343-107B-4F02-92CA-4FB28DB3448B},176
1234,1064,170,0.13776337,LowFoodAccessPly_172,{E39D7E66-5BC7-4F0B-ADCC-6E60DE3FA8EA},177
15,13,2,0.13333334,LowFoodAccessPly_173,{B4F68362-70CA-4996-8B40-0AC8EA53D38C},178
1294,786,508,0.39258114,LowFoodAccessPly_174,{0088A019-63E5-4DAB-A245-C04628F9F03B},179
716,655,61,0.08519553,LowFoodAccessPly_175,{D470C80C-BCDD-435C-A2AA-01D8C83B161D},180
211,171,40,0.18957347,LowFoodAccessPly_176,{A7F2CDCE-C143-4C28-8230-3E30C912AE46},181
1219,971,248,0.20344545,LowFoodAccessPly_177,{411DB02E-7D9E-4711-AF32-F04B9A674A84},182
885,858,27,0.03050848,LowFoodAccessPly_178,{E4CDB9E6-C4B9-4AF5-8380-5A0CD11D1459},183
1532,1345,187,0.12206266,LowFoodAccessPly_179,{D19CF32C-3494-4EA1-9EF1-03D915939034},184
28,23,5,0.17857143,LowFoodAccessPly_180,{E5F284BE-BB88-4480-B187-1078C9072281},185
95,77,18,0.18947369,LowFoodAccessPly_181,{FC6E40DF-0B6A-42DB-A836-C9C58A6C8FDB},186
391,285,107,0.27365729,LowFoodAccessPly_182,{0D0A8104-6B39-49CA-9374-8307E3676B85},187
978,813,165,0.16871166,LowFoodAccessPly_183,{FFE062FD-2B9E-46EC-9F13-90C46BE51A87},188
45,38,7,0.15555556,LowFoodAccessPly_184,{7007D42C-AEAE-4B44-AFE5-4A2967D3BCDB},189
49,36,13,0.26530612,LowFoodAccessPly_185,{476C8DFC-69EE-4320-A7EE-9D3AF45AEB4E},190
90,85,5,0.05555556,LowFoodAccessPly_186,{13A2AAA3-0B81-47CA-B3C2-6F5D9162EE76},191
1013,505,507,0.50049359,LowFoodAccessPly_187,{9045C7D8-0984-4425-96C0-B2EEC8044BD4},192
1001,878,123,0.12287712,LowFoodAccessPly_188,{90056DC4-9D14-4045-A71B-1C8D8AA16F32},193
234,212,22,0.0940171,LowFoodAccessPly_134,{40E18BD2-0F91-488D-8154-B260C06F91EC},194
23,19,4,0.17391305,LowFoodAccessPly_135,{01609CC2-65A6-4001-A091-6AD62B267ED3},195
70,31,39,0.55714285,LowFoodAccessPly_136,{AAA434DC-9B1C-4093-9DE9-BECF96140357},196
1058,845,213,0.20132326,LowFoodAccessPly_137,{8BBC2278-C4A5-4A9F-AEEA-5400CA40E522},197
829,258,571,0.68878168,LowFoodAccessPly_138,{36C38BA3-662E-4092-8D05-14251585A69C},198
74,17,58,0.78378379,LowFoodAccessPly_139,{02C63130-C68F-4EE3-92A1-8A82C4644EBD},199
141,110,31,0.21985815,LowFoodAccessPly_140,{B5BB3D0D-2FE1-45B7-BAB4-250FA382C8C9},200
308,212,95,0.30844155,LowFoodAccessPly_141,{D20D17AC-B168-4B05-9506-25653FC21443},201
2,0,1,0.5,LowFoodAccessPly_266,{D0FAA89A-FF7B-401C-9F41-80B1CC561CA2},202
56,52,4,0.07142857,LowFoodAccessPly_267,{E400881A-791A-4357-AD2E-53003AD53E23},203
1029,955,75,0.0728863,LowFoodAccessPly_268,{A568571C-A488-4395-8EF4-61DA80BB7379},204
810,775,35,0.04320988,LowFoodAccessPly_269,{2CA8E45B-588E-4839-AC36-FE43D03706B6},205
1127,659,468,0.41526175,LowFoodAccessPly_270,{8495D1E8-8F16-41EE-8BFE-C7E5E7F16969},206
947,366,581,0.61351639,LowFoodAccessPly_271,{024B81BF-656E-4DBF-8874-CB54B217157D},207
798,524,274,0.3433584,LowFoodAccessPly_272,{33D3A4A6-FBC7-4F63-A923-9675F3B13AD3},208
369,274,96,0.26016259,LowFoodAccessPly_273,{A5619B15-D7A4-4620-B1B1-10DA913067F3},209
117,97,20,0.17094018,LowFoodAccessPly_274,{4255C2F4-722A-4FDF-984E-1F74B575E42A},210
868,635,233,0.26843318,LowFoodAccessPly_275,{DCE4428C-54D3-4FE8-81A5-E7E752E4D7B3},211
179,89,90,0.50279331,LowFoodAccessPly_276,{A3B4CAD3-19C0-4A43-863D-FF4C2B55BF80},212
1875,320,1555,0.82933331,LowFoodAccessPly_277,{2590DAE3-7BFF-4A6A-9725-2CB96A4C6035},213
318,254,64,0.20125785,LowFoodAccessPly_278,{05861214-6F81-4CB6-8C38-765676A728D8},214
1192,759,433,0.36325502,LowFoodAccessPly_279,{5D108924-6F79-4D86-A01C-F8CFEF5E20E2},215
61,54,7,0.1147541,LowFoodAccessPly_280,{C5F65950-4B72-43E9-B1C8-06FE466D66EC},216
152,129,23,0.15131579,LowFoodAccessPly_202,{490A780B-5354-476D-B4E3-9A2D252883C6},217
30,22,8,0.26666668,LowFoodAccessPly_203,{07B33D3E-9EB4-4E77-8515-6C6B77EB6E56},218
1385,972,412,0.29747292,LowFoodAccessPly_204,{86AE8A48-8877-47D5-BACE-B8301993E5C0},219
56,40,16,0.2857143,LowFoodAccessPly_205,{6629BE04-657B-42E8-B292-DEAB6BF228A8},220
724,442,281,0.38812155,LowFoodAccessPly_206,{1FAB0F50-FB4A-430E-9D6D-63970F49CD4B},221
368,229,139,0.37771741,LowFoodAccessPly_221,{C20D7E20-E0B8-4B99-9EA5-9FA7E08B19FA},222
111,40,71,0.63963962,LowFoodAccessPly_222,{5123E74F-A277-4D08-B58A-B2A38FDC0D73},223
1477,481,996,0.67433989,LowFoodAccessPly_223,{2A3D9C63-A7E1-416D-84ED-041C19C45510},224
315,260,55,0.17460318,LowFoodAccessPly_224,{D66FC6B8-BE10-4778-AF3E-0AE94A091D0D},225
882,568,314,0.35600907,LowFoodAccessPly_225,{239527D7-CFD9-407F-B008-A9CA977DEE58},226
1820,944,876,0.48131868,LowFoodAccessPly_226,{D8B827CB-1087-4BF8-A783-D7056FFFCC2E},227
1138,988,150,0.13181019,LowFoodAccessPly_227,{BEC7F255-F2C7-489E-9FED-859856CA9187},228
114,79,35,0.30701753,LowFoodAccessPly_228,{2A88DD9E-F195-47D4-BB12-FD6F84E5E4B6},229
778,654,124,0.15938303,LowFoodAccessPly_229,{5B1D509F-5CE3-4BF4-B03C-F68E2EDD6C32},230
571,280,291,0.50963223,LowFoodAccessPly_230,{6D2CD6CE-D702-4D16-9731-94A6AA04DB3B},231
136,64,71,0.52205884,LowFoodAccessPly_231,{C4841F92-A49F-4653-8B5F-4FB0C6A9B304},232
974,571,403,0.41375771,LowFoodAccessPly_232,{061EF84D-6395-4DCC-8B30-A43C0FACB357},233
571,424,148,0.2591944,LowFoodAccessPly_233,{C0DDA5DE-1ABA-46B9-A5CF-EA75B69CB536},234
1428,850,578,0.40476191,LowFoodAccessPly_234,{4DB2975A-0C1D-4359-8E21-50BDB1208136},235
841,800,41,0.04875148,LowFoodAccessPly_235,{0C98E510-7793-4101-BF03-A7279A4C619E},236
689,418,271,0.39332366,LowFoodAccessPly_236,{10D95229-D17F-4BDA-95BA-10F049807652},237
68,68,0,0,LowFoodAccessPly_237,{34DEBF70-A21B-47BB-A6EF-A97CF6A94B51},238
919,878,42,0.04570185,LowFoodAccessPly_238,{393C3648-709C-4AA2-A2BF-8ADBFEF7EF88},239
835,580,255,0.30538923,LowFoodAccessPly_239,{AD012066-454E-4B39-A2EA-9062E1985391},240
116,86,30,0.25862068,LowFoodAccessPly_240,{FF376C82-B339-4820-8296-B721B45CCD07},241
442,190,252,0.57013577,LowFoodAccessPly_241,{491956A5-050F-47F6-8B69-C02131D33FE0},242
929,682,247,0.26587728,LowFoodAccessPly_242,{EAD03488-1F5B-441E-953A-36F58F0948B5},243
599,588,11,0.01836394,LowFoodAccessPly_243,{B2480C50-F750-4E39-AB04-AA42C342174F},244
1369,1175,194,0.14170928,LowFoodAccessPly_244,{573D3BD2-3E3D-4363-87C5-BEC1D01753D9},245
1175,467,708,0.60255319,LowFoodAccessPly_245,{20CF07FF-8F5F-4B53-B65D-5D2C4E83B811},246
870,422,449,0.51609194,LowFoodAccessPly_246,{5BC63866-F538-4782-806D-8B6EB1927841},247
630,338,292,0.46349207,LowFoodAccessPly_247,{EBE5740C-61AA-44F5-890F-F19F6FD59644},248
1107,704,403,0.36404696,LowFoodAccessPly_248,{24886261-D2F0-418A-8571-57F66BE0EDA5},249
86,3,84,0.97674417,LowFoodAccessPly_249,{A01DA3FB-DD3E-476C-A9AD-B328C671E156},250
800,650,149,0.18625,LowFoodAccessPly_250,{8848A2E3-0EB8-416E-AA1A-AE0254752A04},251
1260,1150,110,0.08730159,LowFoodAccessPly_251,{B5CF3E4A-0CE9-4FA3-98CA-1F245C5DED2C},252
677,589,88,0.12998523,LowFoodAccessPly_252,{7FDBC215-AFB4-4D12-957C-D7948D3480BC},253
81,58,24,0.2962963,LowFoodAccessPly_253,{C87F2AF9-C81E-4B88-9C78-EC78FC9A4DDB},254
1136,781,355,0.3125,LowFoodAccessPly_254,{2BB1E96A-D2A4-4489-8616-14054A5F4C64},255
855,669,186,0.21754386,LowFoodAccessPly_255,{38A429A5-A675-4886-B61D-D83EF2504F34},256
2479,1392,1087,0.43848327,LowFoodAccessPly_256,{BF1EB852-1732-4A08-B93E-5EA4DA514C09},257
528,335,193,0.36553031,LowFoodAccessPly_257,{8564B84F-6C80-4596-9EEA-755AAD7BBB64},258
40,40,0,0,LowFoodAccessPly_258,{3CD654EF-663D-47AB-B0A8-B3552CEBCE5B},259
194,179,15,0.07731958,LowFoodAccessPly_259,{177DD376-B490-4C8F-AAEA-0F257EBA9126},260
694,446,248,0.35734871,LowFoodAccessPly_260,{4A8DB7B4-6953-4BE3-B91C-FF5B490D8978},261
1116,395,721,0.64605737,LowFoodAccessPly_261,{247C4359-E533-468F-93BF-C4051DF8B0F6},262
159,130,30,0.18867925,LowFoodAccessPly_262,{EB05FC75-E745-4BA8-9074-093DC59F0777},263
523,307,216,0.41300192,LowFoodAccessPly_263,{5BD86DD4-89BB-467F-8382-2D5D5F6F2625},264
1120,734,386,0.34464285,LowFoodAccessPly_264,{BB1310DB-1F0B-4D31-A83B-E6EF8C674EFF},265
676,494,182,0.26923078,LowFoodAccessPly_265,{8696ED84-B266-4050-B202-C737DC1E1894},266
1527,1396,131,0.08578913,LowFoodAccessPly_207,{A369647A-B061-4096-847D-91890430E06B},267
745,635,110,0.147651,LowFoodAccessPly_208,{5477F180-7079-4F5B-956B-7AA248BD92C1},268
226,100,127,0.56194693,LowFoodAccessPly_209,{B19E7E12-2D3D-4B3B-BD75-27D9B4FDCB0B},269
1768,1521,247,0.13970588,LowFoodAccessPly_210,{5992C550-277F-4215-8E12-392482A4BAAE},270
2195,1961,234,0.10660592,LowFoodAccessPly_211,{A780ED51-21B0-4452-A4B6-A038F1939616},271
1284,1120,164,0.12772585,LowFoodAccessPly_212,{A4066D24-B05A-4C2D-A533-E849E2EAE613},272
29,1,28,0.96551722,LowFoodAccessPly_213,{13AFBE69-DF22-441A-A6D6-4D5670267D62},273
662,645,17,0.02567976,LowFoodAccessPly_214,{0648F9A4-B8D7-47F8-BAF0-12847BA46826},274
901,854,47,0.05216426,LowFoodAccessPly_215,{11AD367C-44E5-487C-80A2-B147CA921EEE},275
334,193,141,0.42215568,LowFoodAccessPly_216,{D7DED2C8-F57F-49D3-A68F-BD128CDFD111},276
529,498,31,0.05860113,LowFoodAccessPly_217,{5014EFC6-0971-40A6-B7A6-D15705DC4E31},277
40,38,2,0.05,LowFoodAccessPly_218,{250C15AF-5FFA-4BE8-990B-C488AE541F64},278
16,14,1,0.0625,LowFoodAccessPly_219,{2E6A40F6-1B51-4C13-B523-238BCFD0B606},279
307,264,44,0.14332248,LowFoodAccessPly_220,{D8063594-6C59-4FAC-8E48-5DDA8C8F158A},280
1470,897,573,0.38979593,LowFoodAccessPly_328,{0F3BE37B-A29F-4F2D-898F-968A3BEB7D81},281
1233,911,323,0.26196268,LowFoodAccessPly_329,{AD2E6AC2-8817-45C4-A4EC-3E7770D16070},282
1521,900,621,0.40828404,LowFoodAccessPly_330,{713D74C2-942E-4A4A-B6E8-101C1224B4C5},283
649,363,286,0.44067797,LowFoodAccessPly_331,{F3B9107D-6520-47C7-83AF-8B377627DD7A},284
1304,738,566,0.43404907,LowFoodAccessPly_332,{C2AAFD93-8E2A-4477-AEB0-2CEC16CC904C},285
1597,625,972,0.60864121,LowFoodAccessPly_333,{29FF0A71-8475-4608-8429-278BB523870D},286
524,406,118,0.22519083,LowFoodAccessPly_334,{658495BE-8676-49E9-BD2C-9D4581A837F0},287
759,426,333,0.43873519,LowFoodAccessPly_335,{C593907C-C85F-4BD3-9187-DCF4D48FEE88},288
517,260,257,0.49709865,LowFoodAccessPly_336,{B9525521-AC01-415B-B34C-2DC4FE4D915A},289
1675,751,924,0.55164176,LowFoodAccessPly_281,{BF0CDBBF-E090-4D08-A745-1C383EA61B13},290
1033,410,623,0.6030978,LowFoodAccessPly_282,{62811C05-5071-4FF7-8618-8D2D58C9BCAD},291
104,101,3,0.02884615,LowFoodAccessPly_283,{09BE0FB3-32CB-45E5-BD20-B6C1B19DC6BB},292
2716,646,2070,0.76215023,LowFoodAccessPly_294,{53600873-CF80-4C25-B010-1158AC6EC290},293
1243,666,577,0.46419951,LowFoodAccessPly_295,{3467F4AA-355E-449A-B47E-129F72844F14},294
305,249,56,0.18360655,LowFoodAccessPly_296,{7C4BAF9F-4448-429B-81A4-E13C82C58D23},295
556,477,79,0.14208633,LowFoodAccessPly_297,{FF35512A-95D3-4607-8849-2419231E999D},296
1384,1247,137,0.09898844,LowFoodAccessPly_298,{2744141E-683D-44B5-995A-C8B9D6B44BBB},297
1106,1053,53,0.04792044,LowFoodAccessPly_299,{9541AD75-9C7C-4B04-B671-20EF9EC0413D},298
2150,794,1356,0.63069767,LowFoodAccessPly_300,{0E4DD6DB-7E8A-4CBC-B79E-ED902C8F3CA5},299
831,606,225,0.27075812,LowFoodAccessPly_301,{1E087141-973B-4BEB-893F-10C30F0F7001},300
1112,1042,70,0.06294964,LowFoodAccessPly_302,{00D3426F-4FE9-4379-A44F-D39BBB1D60E6},301
3,3,0,0,LowFoodAccessPly_303,{012FCE66-804C-4B7E-A0E9-E4D7B25D573C},302
17,14,3,0.17647059,LowFoodAccessPly_304,{50078A7F-5357-4B5C-8D6B-C96F38DCA317},303
686,335,351,0.51166183,LowFoodAccessPly_305,{CB26C7B2-FFD2-4584-AEBA-34FCFCA459ED},304
1698,1499,199,0.1171967,LowFoodAccessPly_306,{A0CA9F9B-E5E8-4B2C-BC44-E8419BDA4909},305
501,365,136,0.27145708,LowFoodAccessPly_307,{424410CF-FF90-440A-8952-0F40ACBDFEA8},306
740,528,212,0.28648648,LowFoodAccessPly_308,{06390413-9616-4B1A-B63F-2C4C36453836},307
1250,582,668,0.53439999,LowFoodAccessPly_309,{1DCDD257-E582-42E1-A59E-0580954B1EA2},308
1411,632,779,0.5520907,LowFoodAccessPly_310,{FD845FA7-6C9E-4ED0-837E-100E21EDE61F},309
837,690,147,0.17562725,LowFoodAccessPly_311,{68C038ED-3005-4B58-89BD-3A573AF9AB8B},310
754,628,126,0.16710876,LowFoodAccessPly_312,{FD1090EA-73A5-41C3-8CCB-5AF0AFD82AA2},311
1268,836,431,0.33990535,LowFoodAccessPly_313,{51F2C585-41E0-4EAF-82FD-422F12F0DB9F},312
865,623,242,0.27976879,LowFoodAccessPly_314,{05CB0485-BC22-4337-8F7B-C17BC4C1A267},313
291,153,138,0.4742268,LowFoodAccessPly_315,{9894F76F-6C2E-4332-B46F-8332E3F095FF},314
286,200,86,0.30069929,LowFoodAccessPly_316,{10D105B7-7172-426A-9CEE-10A2AB0A0674},315
817,282,535,0.65483475,LowFoodAccessPly_317,{3480643C-9081-4F28-9A45-F9752D65D58E},316
907,582,325,0.35832414,LowFoodAccessPly_318,{ECD04330-3831-43D9-BFF6-6B006EE552C6},317
58,38,20,0.34482759,LowFoodAccessPly_319,{E5C96F2B-13E6-48D8-90F2-58A552C891F5},318
533,345,188,0.35272044,LowFoodAccessPly_320,{26183BF6-4DED-4A12-A8FD-7C1AA355C3FE},319
589,520,69,0.11714771,LowFoodAccessPly_321,{463455E0-D9C4-4B33-8F47-F806061225DF},320
232,148,84,0.36206895,LowFoodAccessPly_322,{E4D8A39E-7615-4C46-A21E-64E3ADD223CC},321
590,377,213,0.36101696,LowFoodAccessPly_323,{5AC0DD00-17B9-407D-B605-22D9C81903D7},322
1378,845,533,0.38679245,LowFoodAccessPly_324,{4E9C542E-4C07-4057-935E-40E96C214820},323
49,46,3,0.06122449,LowFoodAccessPly_325,{B2C81EA8-6605-4D7E-947B-1B671139B298},324
1632,945,687,0.4209559,LowFoodAccessPly_326,{666D5309-7B18-4509-A0B2-8CB4464DD21E},325
352,246,106,0.30113637,LowFoodAccessPly_327,{D9DD1F24-0B65-406D-A8CB-C4ED89A2AE6F},326
114,107,7,0.06140351,LowFoodAccessPly_284,{A9E902E5-8198-4E9D-AC65-A303FF574639},327
874,250,624,0.7139588,LowFoodAccessPly_285,{BC7A606C-1921-41F7-B68B-D8CE8DC6BA19},328
753,424,329,0.436919,LowFoodAccessPly_286,{A2842CBB-2052-4CF6-9BE8-2E59E96CDC5A},329
1006,729,277,0.27534792,LowFoodAccessPly_287,{6A3FC7C5-9243-4082-BE47-88B9C33BC208},330
1803,1228,575,0.31891292,LowFoodAccessPly_288,{8EE29F02-6523-4C1E-9EFE-8379506D875E},331
828,674,153,0.18478261,LowFoodAccessPly_289,{4DAF1856-629E-4FC2-9DD2-381CA74CAFA9},332
1355,291,1064,0.78523988,LowFoodAccessPly_290,{A3C6B129-BCF7-4425-811D-F2AA64E1C08D},333
1967,1268,699,0.35536349,LowFoodAccessPly_291,{4372DF8D-E25F-49B1-B9DF-0AB1AA830791},334
760,611,149,0.19605263,LowFoodAccessPly_292,{F3CFBF6D-4E2C-407D-B9BA-ECB8DA4112F1},335
648,174,474,0.73148149,LowFoodAccessPly_293,{D0499DDD-6049-4102-BB90-4F89568B5020},336
707,458,249,0.35219237,LowFoodAccessPly_372,{C9BF97DD-CE79-41EE-8113-31D3252029D3},337
2760,835,1925,0.69746375,LowFoodAccessPly_373,{56A769DB-7258-45D3-8618-B698C8FD93D9},338
1652,943,709,0.42917675,LowFoodAccessPly_374,{CA6415D5-B75F-4760-9642-2A166147602C},339
1987,662,1325,0.66683441,LowFoodAccessPly_375,{AFB642C1-B08A-40E9-B5E5-35947FA30865},340
1851,873,978,0.52836305,LowFoodAccessPly_376,{ED5A30A2-60CF-4BAA-90C8-2A51C0E168D9},341
2410,784,1627,0.67510372,LowFoodAccessPly_377,{6CB97942-64B4-4173-8EF5-08B3A6FA9287},342
551,551,0,0,LowFoodAccessPly_378,{6D7B104E-BC50-4138-A39B-B1A3CFFF6785},343
129,123,6,0.04651163,LowFoodAccessPly_379,{1265E1BA-5B1F-4CCD-A402-D21B01DB4001},344
2227,1126,1101,0.49438706,LowFoodAccessPly_380,{38F47F6B-0226-4646-9192-2CB880603F2C},345
1095,115,980,0.89497715,LowFoodAccessPly_381,{E54F63A8-F910-4E19-83E9-A2A1598468B9},346
825,277,548,0.66424245,LowFoodAccessPly_337,{44E21D8B-79C4-4ED0-ABBF-DB660D369386},347
693,194,499,0.72005773,LowFoodAccessPly_338,{63797D23-D6F6-4E76-A300-FEDC7E1CBA3B},348
2368,1104,1264,0.53378379,LowFoodAccessPly_339,{14FEDA0E-782C-4DC7-88C2-DA58A0F133A2},349
868,391,477,0.54953915,LowFoodAccessPly_340,{88A6D5F5-D26E-4086-9BF9-011CB4EB7767},350
623,405,218,0.34991974,LowFoodAccessPly_341,{CB5C6F13-8EF8-435E-864D-F5D71880B5B7},351
2774,845,1929,0.69538575,LowFoodAccessPly_342,{B131C41A-7AE5-4916-B2C8-4208640C480B},352
1579,589,990,0.62697911,LowFoodAccessPly_343,{B35FA24A-0057-4B8D-A1AB-84E5B719DAD6},353
262,82,179,0.68320608,LowFoodAccessPly_344,{DC218743-F755-43C2-A515-C985BA21B5C1},354
1655,720,935,0.5649547,LowFoodAccessPly_345,{A1FB561D-E18F-4689-9659-DB4445ACA208},355
284,129,155,0.54577464,LowFoodAccessPly_346,{C841DEB4-572A-4046-914B-B2A4EF8DBC85},356
938,517,421,0.4488273,LowFoodAccessPly_347,{1FAFAF65-9767-4B02-A100-248BAD8E966E},357
504,202,302,0.59920633,LowFoodAccessPly_348,{4504C0A7-85C1-4F29-A119-76E9CF4027C5},358
1915,1024,891,0.46527416,LowFoodAccessPly_349,{DA66B5E3-AAF5-4E95-8BD2-EF7CAF3EFB4B},359
803,336,467,0.58156914,LowFoodAccessPly_350,{33AF91AC-C396-4AE7-A482-E557B12D72EE},360
628,296,333,0.53025478,LowFoodAccessPly_351,{CCB00AF5-E4E4-43E9-902D-FD3A8EF7E8B9},361
296,194,102,0.3445946,LowFoodAccessPly_352,{7ED94F1F-25CD-4845-BF3E-FDB6822246D0},362
44,15,29,0.65909094,LowFoodAccessPly_353,{6A93C70D-6987-4458-BAA1-CF0CFA1568DC},363
1798,749,1049,0.58342606,LowFoodAccessPly_354,{34AB1C25-5ED2-4686-80D3-4C1CCB7DD478},364
980,559,421,0.42959183,LowFoodAccessPly_355,{CD5926BB-317B-4A77-AEDA-9BE23EF135C6},365
946,322,624,0.65961945,LowFoodAccessPly_356,{EAB59362-9B3C-48D6-9ACE-717629CC349B},366
827,392,435,0.52599758,LowFoodAccessPly_357,{CC4F7C1B-7048-4A6C-956B-7DB0B5F37C89},367
2546,939,1607,0.63118619,LowFoodAccessPly_358,{DA8DA3A8-216B-428B-9156-201E1BB39024},368
966,410,556,0.57556933,LowFoodAccessPly_359,{6BC8501E-0EBC-461C-99D2-3F5172D9AF00},369
2099,885,1214,0.57837063,LowFoodAccessPly_360,{E8933B2B-7609-4151-A98D-A709A66FB643},370
821,286,535,0.65164435,LowFoodAccessPly_361,{1A826F3A-F5C9-4377-B637-EABEEED24931},371
550,27,523,0.95090908,LowFoodAccessPly_362,{41E47858-949D-4C74-BF0C-2960188CFAAB},372
813,523,290,0.35670358,LowFoodAccessPly_363,{38877EBA-ADB9-4B7B-B953-587218EDBE70},373
1173,424,749,0.63853365,LowFoodAccessPly_364,{D3D2372A-6A8C-4BE2-8053-69D52CA877BD},374
1492,678,814,0.54557639,LowFoodAccessPly_365,{76E050A0-D257-496D-BA67-AED73B5DF9A2},375
1096,597,499,0.45529196,LowFoodAccessPly_366,{A81EDF92-C73D-4A25-B74A-27EA270B75CA},376
1762,644,1118,0.63450623,LowFoodAccessPly_367,{6B17C4FD-A4E7-4EEB-95E4-FE855378B647},377
3167,1387,1780,0.56204611,LowFoodAccessPly_368,{6E5EA4BC-3F69-470F-BD03-CC94530EB05C},378
2129,1362,767,0.36026302,LowFoodAccessPly_369,{6C5A4943-C941-4844-8547-9C7ABBAFFE73},379
2056,363,1693,0.82344359,LowFoodAccessPly_370,{D2C833C8-CDEA-441B-A488-F2FE90EEEE44},380
2171,947,1224,0.56379551,LowFoodAccessPly_371,{21149F00-A38D-46D3-8445-43F16481CDE7},381
